Lot_name,Lot_link,Current_price,Buy_now_price,Start_time,End_time
RCA Made by гЂЂ beam  Power  tube гЂЂ5763,http://japanparcel.com/ylot/m450768184,￥580,No_buy_now_price .,08/20/2021 14:27,08/27/2021 14:27
No_lot_name.,http://japanparcel.com/ylot/e100061620,No_current_price.,No_buy_now_price .,No_start_time.,No_end_time.
[ Technics/ Technics /AV control  Center / Amplifier /OSD/SU-HT500 ],http://japanparcel.com/ylot/w201248270,"￥5,000",No_buy_now_price .,08/20/2021 06:28,08/27/2021 14:28
Very cheap гЂЂLUXMAN  Transistor   гѓ—гѓЄ Main гЂЂSQ301 гЂЂгЂЂ210316 - 4гЂЂ Working properly goods  [ 3 Months  Month  security   ],http://japanparcel.com/ylot/x769789237,"￥50,000","￥50,000",08/20/2021 14:28,08/27/2021 14:28
Five  Six  Seven  0  /  Three  Nine  Six A /  Two C51 ?  Six SN7 /  Five  Six  Nine  Two гЂЂ conversion  adapter,http://japanparcel.com/ylot/p778373358,"￥1,580",No_buy_now_price .,08/20/2021 14:28,08/27/2021 14:28
Three  Pole  Power  tube гЂЂ Three  0  0  B  ?  Six  B  Four  G гЂЂ conversion  adapter,http://japanparcel.com/ylot/m486947504,"￥1,640",No_buy_now_price .,08/20/2021 14:28,08/27/2021 14:28
No_lot_name.,http://japanparcel.com/ylot/j100092565,No_current_price.,No_buy_now_price .,No_start_time.,No_end_time.
No_lot_name.,http://japanparcel.com/ylot/100120346,No_current_price.,No_buy_now_price .,No_start_time.,No_end_time.
5 ball  Supermarket  radio  for гЂЂ Six ZDH3A,http://japanparcel.com/ylot/x795241677,￥940,No_buy_now_price .,08/21/2021 14:29,08/27/2021 14:29
No_lot_name.,http://japanparcel.com/ylot/f100132682,No_current_price.,No_buy_now_price .,No_start_time.,No_end_time.
[  Beauty products  ]  [  Free shipping  ] DENON  Denon  AUDYSSEY AV Amplifier  set up   Microphone  DM-A409,http://japanparcel.com/ylot/x767032806,"￥2,980",No_buy_now_price .,08/23/2021 21:29,08/27/2021 14:29
[  Prompt decision  ]   List price 26 Ten thousand yen   Operation goods  2 channel  Power Amplifier  PS-A1202 JOSS [   high  Impedance   ]  Victor    Victor PSA1202,http://japanparcel.com/ylot/o482382414,"￥7,980","￥7,980",08/26/2021 14:29,08/27/2021 14:29
?  security  With  -  Work well  ? Accuphase CX-260 еёЊ Small 6ch Preamplifier,http://japanparcel.com/ylot/e528649354,"￥257,800","￥280,000",08/25/2021 14:30,08/27/2021 14:29
test  Machine TV-7 for гЂЂUV Small  tube  (  One  0  Four D Such as  )  Measurement  adapter,http://japanparcel.com/ylot/t745600031,"￥1,580",No_buy_now_price .,08/20/2021 14:29,08/27/2021 14:29
Nothing  oxygen  copper  of  impact  -  High-quality RCA plug гЂЂHRCA-21,http://japanparcel.com/ylot/m510759088,"￥14,000","￥14,000",08/20/2021 14:29,08/27/2021 14:29
Vacuum tube гЂЂ6GB6гЂЂNECгЂЂ other гЂЂ Total 7 Book,http://japanparcel.com/ylot/u325731021,"￥1,000",No_buy_now_price .,08/23/2021 14:29,08/27/2021 14:29
No_lot_name.,http://japanparcel.com/ylot/j100124259,No_current_price.,No_buy_now_price .,No_start_time.,No_end_time.
No_lot_name.,http://japanparcel.com/ylot/m100042353,No_current_price.,No_buy_now_price .,No_start_time.,No_end_time.
No_lot_name.,http://japanparcel.com/ylot/b100169730,No_current_price.,No_buy_now_price .,No_start_time.,No_end_time.
MCINTOSH  McIntosh  C22  replica   Owner  's  manual   English  table  Record,http://japanparcel.com/ylot/d388336824,"￥20,000","￥20,000",08/20/2021 14:30,08/27/2021 14:30
6C8G/6F8G ? 6SL7/6SN7  conversion  adapter,http://japanparcel.com/ylot/q316508328,"￥1,580",No_buy_now_price .,08/20/2021 14:30,08/27/2021 14:30
0H068гЂЂгЂЂ banana  Correspondence  small  Type  Speaker    Terminal гЂЂгЂЂ 80112гЂЂгЂЂгЂЂ6 Individual  (  Red 4 black 2 )  set,http://japanparcel.com/ylot/r457756650,￥900,￥900,08/20/2021 14:30,08/27/2021 14:30
"SPRAGUE ""96P"" 1uF/300V  Vintage   oil  paper  Capacitor   ? 2 Individual  ''VITAMIN Q''",http://japanparcel.com/ylot/m485529884,"￥3,000","￥3,000",08/20/2021 14:30,08/27/2021 14:30
[  Free shipping / tax included  ]   mini  Vacuum tube  Preamplifier  6J1 MCVersion MC Version   Vacuum tube   Phono   turn   table   Preamplifier,http://japanparcel.com/ylot/w491687025,"￥11,255","￥11,255",08/25/2021 14:30,08/27/2021 14:30
No_lot_name.,http://japanparcel.com/ylot/r100121125,No_current_price.,No_buy_now_price .,No_start_time.,No_end_time.
T  V  -  Seven  for  Mug гѓЋ  гѓђгѓ« tube  (  Four  0  K  G  Six  Such as  )  Measurement  for  adapter,http://japanparcel.com/ylot/k487421033,"￥1,540",No_buy_now_price .,08/20/2021 14:30,08/27/2021 14:30
1G171гЂЂгЂЂRCA Jack гЂЂ brass  To  Gold plate гЂЂ0581TCгЂЂ Red  band / White  band гЂЂ20 Individual  set,http://japanparcel.com/ylot/s838894000,"￥3,400","￥3,400",08/20/2021 14:30,08/27/2021 14:30
? Victor VOSS PS-A2002 2ch  Power Amplifier   Operation goods  ? 2C129,http://japanparcel.com/ylot/c910773333,"￥8,000","￥10,000",08/25/2021 14:31,08/27/2021 14:31
No_lot_name.,http://japanparcel.com/ylot/h100120940,No_current_price.,No_buy_now_price .,No_start_time.,No_end_time.
No_lot_name.,http://japanparcel.com/ylot/p100176162,No_current_price.,No_buy_now_price .,No_start_time.,No_end_time.
?   Scarcity !  Prompt decision !  Denon  DENON AV Remote controller  RC-1181  Operation goods  ? ( AVR-X1000  for ) ?,http://japanparcel.com/ylot/b409232479,"￥3,000","￥3,000",08/20/2021 14:31,08/27/2021 14:31
Six  A  Q  Five  ?  Six  V  Six гЂЂ conversion  adapter,http://japanparcel.com/ylot/e524245709,"￥1,530",No_buy_now_price .,08/20/2021 14:31,08/27/2021 14:31
"?  catalog  ?  Free shipping  ?  Ultra  rare  ?  ? B-2302 vintageгЂЂ Bruise  Ya  ,  Dirt  But  Yes",http://japanparcel.com/ylot/n472432152,"￥5,000",No_buy_now_price .,08/24/2021 14:31,08/27/2021 14:31
No_lot_name.,http://japanparcel.com/ylot/d100157681,No_current_price.,No_buy_now_price .,No_start_time.,No_end_time.
NEC  Transistor  2SC2681 R97A NOS  Unused item   Japan  Electrical   Integrated amplifier  NEC A-7 A-700 SONY TA-F40 TA-F55 TA-F80 TA-AX  series  Such as ?,http://japanparcel.com/ylot/n505284658,"￥1,000","￥1,000",08/20/2021 02:32,08/27/2021 14:31
NEC  Transistor  2SC2681 Q07 NOS  Unused item   Japan  Electrical   Integrated amplifier  NEC A-7 A-700 SONY TA-F40 TA-F55 TA-F80 TA-AX  series  Such as ?,http://japanparcel.com/ylot/j700791921,"￥1,000","￥1,000",08/20/2021 02:33,08/27/2021 14:31
"[  Free shipping / tax included  ]  Shuguang EL34B EL34-B (EL34 , EL34A)  Quad   Set of 4  Vacuume Tube  Red  character",http://japanparcel.com/ylot/u458095703,"￥6,710","￥6,710",08/25/2021 14:31,08/27/2021 14:31
[  Free shipping / tax included  ]   Tube amp   Music  hole  г‚Ё Les  Click  To гѓ­ - гѓЏ  гѓўгѓ‹ ~Tsu  Click  Electro-Harmonix EH KT88,http://japanparcel.com/ylot/w491758348,"￥6,800","￥6,800",08/25/2021 14:31,08/27/2021 14:31
No_lot_name.,http://japanparcel.com/ylot/r100180532,No_current_price.,No_buy_now_price .,No_start_time.,No_end_time.
[ A ] SONY  For business  Pro  Machine  of  Unplug ж®»  self made  Amplifier  case  To   Vacuum tube   Preamplifier   equalizer    Amplifier   Transistor     Power IC е·ҐдЅњ  Chassis,http://japanparcel.com/ylot/r222091545,"￥3,000","￥3,000",08/23/2021 14:32,08/27/2021 14:32
YAMAHA  Surround  Amplifier  SR-100X  Energization OKгЂЂ Out sound гЃљгЂЂ junk,http://japanparcel.com/ylot/h521538761,"￥1,000",No_buy_now_price .,08/23/2021 14:32,08/27/2021 14:32
[ B ] SONY  For business  Pro  Machine  of  Unplug ж®»  self made  Amplifier  case  To   Vacuum tube   Preamplifier   equalizer    Amplifier   Transistor     Power IC е·ҐдЅњ  Chassis,http://japanparcel.com/ylot/n243983675,"￥3,000","￥3,000",08/23/2021 14:32,08/27/2021 14:32
No_lot_name.,http://japanparcel.com/ylot/m100140995,No_current_price.,No_buy_now_price .,No_start_time.,No_end_time.
?  Original box  With  ! Triode  To гѓ© Io   гѓ‰ TRV-M300SE  Vacuum tube   monaural   Power Amplifier   pair   set   Beauty products  !  ?,http://japanparcel.com/ylot/l707511076,"￥188,800",No_buy_now_price .,08/25/2021 14:32,08/27/2021 14:32
?  Click  Les гѓ« гѓ—гѓЄ -  Power Amplifier  ?  catalog  KAS/KSA-300S/KSA-200S/KSA-100S KRC/KRC-2/KSL-2гЂЂ Sansui 907 Sony Corporation R10 Marantz M7г‚Ё Click  Scan  crew г‚·,http://japanparcel.com/ylot/d506364911,"￥5,900","￥6,000",08/24/2021 14:32,08/27/2021 14:32
A&P ?  ?  Mitsubishi  : DA-A10 :  sound  But  good  : USED,http://japanparcel.com/ylot/r507606531,"￥75,000",No_buy_now_price .,08/21/2021 14:32,08/27/2021 14:32
? Panasonic  Call  Tooth  Amplifier  WA-250  second hand  Operation goods  ? Z115,http://japanparcel.com/ylot/g494118502,"￥5,000","￥7,000",08/25/2021 14:32,08/27/2021 14:32
в€¬ Free shipping в€¬ audio  double  connector в€¬ Brand new   stereo  mini  plug 2 Branch   Earphone 2 Distribution   two  Man  so  Listen    That,http://japanparcel.com/ylot/o412156437,￥319,￥319,08/24/2021 14:33,08/27/2021 14:33
Brand new  ? oaarr AYIMA/TUBE-T4/6J1/TPA3221/B  Les г‚Є 2 channel Hi-Fi digital  Power Amplifier  429,http://japanparcel.com/ylot/n481070207,"￥10,130","￥10,130",08/20/2021 14:33,08/27/2021 14:33
tax included  ?  Vacuum tube  ? 4M-P12  Two  5AQ5 6CG7 3AU6 5U8 2AU7A12 A  T 7  Together 8 Book  MITSUNISHI  Toshiba   Mazda Motor Corporation  -I6-4489,http://japanparcel.com/ylot/f421809861,"￥1,700","￥1,700",08/25/2021 14:33,08/27/2021 14:33
"[ Free  Yes ] NAS  "" Wyred 4 Sound MS-2+ linear  Power supply  """,http://japanparcel.com/ylot/u408325776,"￥210,000","￥230,000",08/24/2021 03:33,08/27/2021 14:33
No_lot_name.,http://japanparcel.com/ylot/t100124426,No_current_price.,No_buy_now_price .,No_start_time.,No_end_time.
?   Low voltage  Driving  small  Type  stereo  Amplifier  kit  TDA2822  Use  for,http://japanparcel.com/ylot/b538471633,￥600,￥600,08/26/2021 14:33,08/27/2021 14:33
?  ?  ? ICRAE  Day  ~Tsu гѓ—  Silva     Mai  Mosquitoes  Capacitor  1600PF В± 5% 500VDC  Brand new 2 Individual  ?  ?  ?,http://japanparcel.com/ylot/w450131746,￥220,No_buy_now_price .,08/25/2021 14:33,08/27/2021 14:33
[  Free shipping / tax included  ]  PSVANE KT88 Vacuum tube   Match гѓ‰ -  Quad  Vacuum tube   Two,http://japanparcel.com/ylot/n525275947,"￥9,255","￥9,255",08/25/2021 14:33,08/27/2021 14:33
No_lot_name.,http://japanparcel.com/ylot/w100064542,No_current_price.,No_buy_now_price .,No_start_time.,No_end_time.
usa гЂЂSylvania Made by гЂЂ driver иЏ…гЂЂ Seven  Six гЂЂ Remodeling  Vacuum tube,http://japanparcel.com/ylot/q468221499,￥750,No_buy_now_price .,08/20/2021 03:34,08/27/2021 14:34
? 10mm ?  aluminum  volume  Knob   2 pieces [6mmгѓ­   Les  ~Tsu  To  axis  for ],http://japanparcel.com/ylot/k569130802,￥146,￥146,08/22/2021 14:34,08/27/2021 14:34
No_lot_name.,http://japanparcel.com/ylot/u100073834,No_current_price.,No_buy_now_price .,No_start_time.,No_end_time.
?  ?  ?  Army  standard гЂЂWE specification  HI-Q  G A Number  21.5K ?   В± 1% 0.25W(ж°‘ Living  standard 0.5W)  ceramic  resistance  NOS  Two  ?  ?  ?,http://japanparcel.com/ylot/s644252890,￥700,No_buy_now_price .,08/25/2021 14:34,08/27/2021 14:34
Bose гЂЂ Amplifier гЂЂ1705IIгЂЂBOSE,http://japanparcel.com/ylot/g526008946,"￥18,900","￥18,900",08/25/2021 14:34,08/27/2021 14:34
[  Free shipping / tax included  ]   music  hole  Hi-fi  mini  Selector гѓ‘ ~Tsu г‚·гѓ– Preamplifier 3-IN-OUT 2 audio  Preamplifier  Adjustment  Possible  volume,http://japanparcel.com/ylot/l695026946,"￥8,710","￥8,710",08/25/2021 14:34,08/27/2021 14:34
Rectification  tube  conversion  adapter гЂЂ Six AX5 ? EZ12,http://japanparcel.com/ylot/l612662988,"￥1,340",No_buy_now_price .,08/20/2021 03:35,08/27/2021 14:34
No_lot_name.,http://japanparcel.com/ylot/j100103553,No_current_price.,No_buy_now_price .,No_start_time.,No_end_time.
No_lot_name.,http://japanparcel.com/ylot/o100129450,No_current_price.,No_buy_now_price .,No_start_time.,No_end_time.
No_lot_name.,http://japanparcel.com/ylot/x100123088,No_current_price.,No_buy_now_price .,No_start_time.,No_end_time.
No_lot_name.,http://japanparcel.com/ylot/x100120463,No_current_price.,No_buy_now_price .,No_start_time.,No_end_time.
[  Free shipping / tax included  ]  douk audio   Vacuum tube   Preamplifier  6N3 6Z1 Hi-Fi  High-end   Scan гѓ—гѓЄ ~Tsu  To   Switching  Power supply  Attached to   black,http://japanparcel.com/ylot/s840012780,"￥10,528","￥10,528",08/25/2021 14:34,08/27/2021 14:34
No_lot_name.,http://japanparcel.com/ylot/c100060196,No_current_price.,No_buy_now_price .,No_start_time.,No_end_time.
?  Beauty products  ! DENON  Denon  AVR-X550BT AV Amplifier  AV Receiver    ?,http://japanparcel.com/ylot/q474531451,"￥15,800",No_buy_now_price .,08/25/2021 14:35,08/27/2021 14:35
Scarcity  LUXMAN  Laksman   Vacuum tube  stereo  Amplifier  25-25 60 custom  CUSTOM MQ60 NN3676,http://japanparcel.com/ylot/w478231114,"￥50,000",No_buy_now_price .,08/26/2021 14:35,08/27/2021 14:35
гѓ­ Click г‚їгѓ« tube гЂЂ Seven  F  Seven  /  Seven  N  Seven  ?  Six  S  L  Seven  /  Six  S  N  Seven гЂЂ conversion  adapter,http://japanparcel.com/ylot/h549752046,"￥1,640",No_buy_now_price .,08/20/2021 03:35,08/27/2021 14:35
No_lot_name.,http://japanparcel.com/ylot/s100002164,No_current_price.,No_buy_now_price .,No_start_time.,No_end_time.
No_lot_name.,http://japanparcel.com/ylot/q100135812,No_current_price.,No_buy_now_price .,No_start_time.,No_end_time.
No_lot_name.,http://japanparcel.com/ylot/b100178561,No_current_price.,No_buy_now_price .,No_start_time.,No_end_time.
[  Free shipping / tax included  ]   all 2 color  XiangSheng DAC-05B USB Hi-fi DAC Asynchronous XMOS / dual AK4495 / DSD balance  digital  audio  Decoder,http://japanparcel.com/ylot/v818264861,"￥43,073","￥43,073",08/25/2021 14:35,08/27/2021 14:35
"?  Original box  ,  Remote controller  With  ! Marantz  Marantz  SC-7S1  control  Amplifier   Preamplifier   Beauty products  !  ?",http://japanparcel.com/ylot/v821589774,"￥205,000",No_buy_now_price .,08/25/2021 14:35,08/27/2021 14:35
No_lot_name.,http://japanparcel.com/ylot/k100160938,No_current_price.,No_buy_now_price .,No_start_time.,No_end_time.
Three  Five  0 B/KT88/6550/6550A ?  Three  Six  Seven AгЂЂ conversion  adapter,http://japanparcel.com/ylot/s810543039,"￥1,580",No_buy_now_price .,08/20/2021 03:36,08/27/2021 14:35
No_lot_name.,http://japanparcel.com/ylot/s100073485,No_current_price.,No_buy_now_price .,No_start_time.,No_end_time.
No_lot_name.,http://japanparcel.com/ylot/j100127126,No_current_price.,No_buy_now_price .,No_start_time.,No_end_time.
"HPAT2 ] HPA T-2 ""  # stereo  Headphone amplifier  :  stereo  Presence  "" =T2= [  #STEREO HEADPHONES AMP : 2Volume/ 6.3 ?  ST Jack ]  #LAGOONSOUND",http://japanparcel.com/ylot/h484309484,"￥5,000","￥5,000",08/23/2021 20:36,08/27/2021 14:36
"magic  Eye  for  (  Six  E  Five  C  ,  One  Six  Two  Nine  )  socket  adapter",http://japanparcel.com/ylot/d512794374,"￥1,580",No_buy_now_price .,08/20/2021 14:36,08/27/2021 14:36
Audio CollectionsгЂЂ audio  -  collection  's гЂЂAC-82PP-IT-PWгЂЂ Vacuum tube  Preamplifier гЂЂ Maintenance  Already  Body  of  Pole  Beauty products  ! гЂЂ This  The  Truth  To  good  It is  !,http://japanparcel.com/ylot/v806542319,"￥300,000",No_buy_now_price .,08/21/2021 14:36,08/27/2021 14:36
No_lot_name.,http://japanparcel.com/ylot/j100098698,No_current_price.,No_buy_now_price .,No_start_time.,No_end_time.
гѓ­ Click г‚їгѓ«гЂЂ frequency  conversion  tube гЂЂGEгЂЂ Seven B8,http://japanparcel.com/ylot/517233407,￥580,No_buy_now_price .,08/20/2021 03:36,08/27/2021 14:36
No_lot_name.,http://japanparcel.com/ylot/100061671,No_current_price.,No_buy_now_price .,No_start_time.,No_end_time.
No_lot_name.,http://japanparcel.com/ylot/x100100897,No_current_price.,No_buy_now_price .,No_start_time.,No_end_time.
Aurex  Integrated amplifier  SB-320  junk,http://japanparcel.com/ylot/o492645153,"￥5,000","￥5,000",08/26/2021 14:36,08/27/2021 14:36
[  mini  plug  Branch  ] в€¬ Postage 120 Circle  ~ в€¬ Yes  Brand new   audio  double  connector   Earphone 2 Distribution   two  Man  so  Listen    That   headphone 2 Branch   stereo  mini  plug  Branch,http://japanparcel.com/ylot/n489889099,￥200,￥200,08/24/2021 14:37,08/27/2021 14:37
T  V  -  Seven  for гЂЂ P  X  -  Four  /  P  X  Two  Five  Such as  B  Four  /  B  Five  Measurement  adapter,http://japanparcel.com/ylot/v788342915,"￥1,680",No_buy_now_price .,08/20/2021 03:37,08/27/2021 14:37
?  Beauty products  ! DENON  Denon  PMA-S10 ?   Integrated amplifier  ?,http://japanparcel.com/ylot/d538729571,"￥64,800",No_buy_now_price .,08/25/2021 14:37,08/27/2021 14:37
[  Operation not yet verification / junk  Goods  ]  Vacuum tube  (MATUSHITA Made by x Two  - NATIONAL Made by x One  - HITACHI 5MK9x One  - Lux 6AR5x One  -  Maker  unknown x Two )  Total 7 Book,http://japanparcel.com/ylot/b514306133,"￥6,500",No_buy_now_price .,08/26/2021 14:37,08/27/2021 14:37
?  ?  ?  usa  CAL-RгЂЂ Army  standard гЂЂ High accuracy  Nothing  Induction е°Ћ Winding wire  resistance  96.5K ?  В± 0.5%гЂЂ 0.25WгЂЂ NOS 2 Individual  ?  ?  ?,http://japanparcel.com/ylot/l699329770,￥700,No_buy_now_price .,08/25/2021 14:37,08/27/2021 14:37
Victor  small  Type  High class  Integrated amplifier  A-M1H  junk   at that time  List price 9 Ten thousand,http://japanparcel.com/ylot/b423831010,"￥19,999","￥20,000",08/26/2021 14:37,08/27/2021 14:37
гѓ­ Click г‚їгѓ« tube гЂЂ Seven  C  Five  /  Five  B  /  Two  Five  Five  M  ?  Six  V  Six  /  Six  L  Six гЂЂ conversion  adapter,http://japanparcel.com/ylot/b551187678,"￥1,740",No_buy_now_price .,08/20/2021 03:37,08/27/2021 14:37
No_lot_name.,http://japanparcel.com/ylot/c100101675,No_current_price.,No_buy_now_price .,No_start_time.,No_end_time.
Toshiba   Vacuum tube  for  Power supply  Trance  TPW-913B  junk,http://japanparcel.com/ylot/o377588252,"￥7,000","￥7,000",08/26/2021 14:37,08/27/2021 14:37
Laksman  507ux2 LUXMAN L-507uXII  Integrated amplifier   Use  for зџ­,http://japanparcel.com/ylot/m498197427,"￥389,000",No_buy_now_price .,08/26/2021 14:38,08/27/2021 14:38
Trance  formula гЂЂгЂЂ Five  Class  Supermarket  radio  for  Vacuum tube  set,http://japanparcel.com/ylot/q448236706,"￥1,880",No_buy_now_price .,08/20/2021 03:38,08/27/2021 14:38
No_lot_name.,http://japanparcel.com/ylot/e100061620,No_current_price.,No_buy_now_price .,No_start_time.,No_end_time.
[ Technics/ Technics /AV control  Center / Amplifier /OSD/SU-HT500 ],http://japanparcel.com/ylot/w201248270,"￥5,000",No_buy_now_price .,08/27/2021 14:28,09/ 3/2021 14:28
очень дёшево   LUXMAN   гѓ©гѓіг‚ё звезда гѓ—гѓЄ основной   SQ301     210316 - 4   исправный товар  [ 3   месяц  гарантия   ],http://japanparcel.com/ylot/x769789237,"￥50,000","￥50,000",08/21/2021 00:28,08/28/2021 00:28
Five  Six  Seven  0  /  Three  Nine  Six A /  Two C51 ?  Six SN7 /  Five  Six  Nine  Two гЂЂ conversion  adapter,http://japanparcel.com/ylot/p778373358,"￥1,580",No_buy_now_price .,08/27/2021 14:28,09/ 3/2021 14:28
Three  Pole  Power  tube гЂЂ Three  0  0  B  ?  Six  B  Four  G гЂЂ conversion  adapter,http://japanparcel.com/ylot/m486947504,"￥1,640",No_buy_now_price .,08/27/2021 14:28,09/ 3/2021 14:28
No_lot_name.,http://japanparcel.com/ylot/j100092565,No_current_price.,No_buy_now_price .,No_start_time.,No_end_time.
No_lot_name.,http://japanparcel.com/ylot/100120346,No_current_price.,No_buy_now_price .,No_start_time.,No_end_time.
5 ball  Supermarket  radio  for гЂЂ Six ZDH3A,http://japanparcel.com/ylot/x795241677,￥940,No_buy_now_price .,08/27/2021 14:29,09/ 2/2021 14:29
No_lot_name.,http://japanparcel.com/ylot/f100132682,No_current_price.,No_buy_now_price .,No_start_time.,No_end_time.
No_lot_name.,http://japanparcel.com/ylot/x767032806,No_current_price.,No_buy_now_price .,No_start_time.,No_end_time.
[  блиц-цена  ]   установленная производителем цена 26 0000 йен   рабочий товар  2 канал  усилитель  PS-A1202 JOSS [   высокий  сопротивление   ]  Victor    Victor PSA1202,http://japanparcel.com/ylot/o482382414,"￥8,480","￥8,480",08/13/2021 19:09,08/14/2021 19:09
?  security  With  -  Work well  ? Accuphase CX-260 еёЊ Small 6ch Preamplifier,http://japanparcel.com/ylot/e528649354,"￥257,800","￥280,000",08/27/2021 14:29,08/29/2021 14:29
test  Machine TV-7 for гЂЂUV Small  tube  (  One  0  Four D Such as  )  Measurement  adapter,http://japanparcel.com/ylot/t745600031,"￥1,580",No_buy_now_price .,08/27/2021 14:29,09/ 3/2021 14:29
Nothing  oxygen  copper  of  impact  -  High-quality RCA plug гЂЂHRCA-21,http://japanparcel.com/ylot/m510759088,"￥14,000","￥14,000",08/27/2021 14:29,09/ 3/2021 14:29
No_lot_name.,http://japanparcel.com/ylot/u325731021,No_current_price.,No_buy_now_price .,No_start_time.,No_end_time.
No_lot_name.,http://japanparcel.com/ylot/j100124259,No_current_price.,No_buy_now_price .,No_start_time.,No_end_time.
No_lot_name.,http://japanparcel.com/ylot/m100042353,No_current_price.,No_buy_now_price .,No_start_time.,No_end_time.
No_lot_name.,http://japanparcel.com/ylot/b100169730,No_current_price.,No_buy_now_price .,No_start_time.,No_end_time.
MCINTOSH  McIntosh  C22  replica   Owner  's  manual   English  table  Record,http://japanparcel.com/ylot/d388336824,"￥20,000","￥20,000",08/27/2021 14:30,09/ 3/2021 14:30
No_lot_name.,http://japanparcel.com/ylot/q316508328,No_current_price.,No_buy_now_price .,No_start_time.,No_end_time.
0H068гЂЂгЂЂ banana  Correspondence  small  Type  Speaker    Terminal гЂЂгЂЂ 80112гЂЂгЂЂгЂЂ6 Individual  (  Red 4 black 2 )  set,http://japanparcel.com/ylot/r457756650,￥900,￥900,08/27/2021 14:30,09/ 3/2021 14:30
"SPRAGUE ""96P"" 1uF/300V  Vintage   oil  paper  Capacitor   ? 2 Individual  ''VITAMIN Q''",http://japanparcel.com/ylot/m485529884,"￥3,000","￥3,000",08/27/2021 14:30,09/ 3/2021 14:30
No_lot_name.,http://japanparcel.com/ylot/w491687025,No_current_price.,No_buy_now_price .,No_start_time.,No_end_time.
No_lot_name.,http://japanparcel.com/ylot/r100121125,No_current_price.,No_buy_now_price .,No_start_time.,No_end_time.
T  V  -  Seven  for  Mug гѓЋ  гѓђгѓ« tube  (  Four  0  K  G  Six  Such as  )  Measurement  for  adapter,http://japanparcel.com/ylot/k487421033,"￥1,540",No_buy_now_price .,08/27/2021 14:30,09/ 3/2021 14:30
1G171гЂЂгЂЂRCA Jack гЂЂ brass  To  Gold plate гЂЂ0581TCгЂЂ Red  band / White  band гЂЂ20 Individual  set,http://japanparcel.com/ylot/s838894000,"￥3,400","￥3,400",08/27/2021 14:30,09/ 3/2021 14:30
Victor VOSS PS-A2002 2ch  усилитель   рабочий товар   2C129,http://japanparcel.com/ylot/c910773333,"￥8,000","￥10,000",08/16/2021 00:21,08/18/2021 00:21
No_lot_name.,http://japanparcel.com/ylot/h100120940,No_current_price.,No_buy_now_price .,No_start_time.,No_end_time.
No_lot_name.,http://japanparcel.com/ylot/p100176162,No_current_price.,No_buy_now_price .,No_start_time.,No_end_time.
?   Scarcity !  Prompt decision !  Denon  DENON AV Remote controller  RC-1181  Operation goods  ? ( AVR-X1000  for ) ?,http://japanparcel.com/ylot/b409232479,"￥3,000","￥3,000",08/27/2021 14:31,09/ 3/2021 14:31
Six  A  Q  Five  ?  Six  V  Six гЂЂ conversion  adapter,http://japanparcel.com/ylot/e524245709,"￥1,530",No_buy_now_price .,08/27/2021 14:31,09/ 3/2021 14:31
No_lot_name.,http://japanparcel.com/ylot/n472432152,No_current_price.,No_buy_now_price .,No_start_time.,No_end_time.
No_lot_name.,http://japanparcel.com/ylot/d100157681,No_current_price.,No_buy_now_price .,No_start_time.,No_end_time.
NEC  Transistor  2SC2681 R97A NOS  Unused item   Japan  Electrical   Integrated amplifier  NEC A-7 A-700 SONY TA-F40 TA-F55 TA-F80 TA-AX  series  Such as ?,http://japanparcel.com/ylot/n505284658,"￥1,000","￥1,000",08/27/2021 14:31,09/ 3/2021 14:31
NEC  Transistor  2SC2681 Q07 NOS  Unused item   Japan  Electrical   Integrated amplifier  NEC A-7 A-700 SONY TA-F40 TA-F55 TA-F80 TA-AX  series  Such as ?,http://japanparcel.com/ylot/j700791921,"￥1,000","￥1,000",08/27/2021 14:31,09/ 3/2021 14:31
"[  бесплатная доставка по Японии / включая налоги  ]  Shuguang EL34B EL34-B (EL34 , EL34A)  четвёрка   комплект из 4 штук  Vacuume Tube  красный  символ",http://japanparcel.com/ylot/u458095703,"￥6,710","￥6,710",08/13/2021 23:59,08/15/2021 23:59
No_lot_name.,http://japanparcel.com/ylot/w491758348,No_current_price.,No_buy_now_price .,No_start_time.,No_end_time.
No_lot_name.,http://japanparcel.com/ylot/r100180532,No_current_price.,No_buy_now_price .,No_start_time.,No_end_time.
[ A ] SONY  For business  Pro  Machine  of  Unplug ж®»  self made  Amplifier  case  To   Vacuum tube   Preamplifier   equalizer    Amplifier   Transistor     Power IC е·ҐдЅњ  Chassis,http://japanparcel.com/ylot/r222091545,"￥3,000","￥3,000",08/27/2021 14:32,08/31/2021 14:32
No_lot_name.,http://japanparcel.com/ylot/h521538761,No_current_price.,No_buy_now_price .,No_start_time.,No_end_time.
[ B ] SONY  For business  Pro  Machine  of  Unplug ж®»  self made  Amplifier  case  To   Vacuum tube   Preamplifier   equalizer    Amplifier   Transistor     Power IC е·ҐдЅњ  Chassis,http://japanparcel.com/ylot/n243983675,"￥3,000","￥3,000",08/27/2021 14:32,08/31/2021 14:32
No_lot_name.,http://japanparcel.com/ylot/m100140995,No_current_price.,No_buy_now_price .,No_start_time.,No_end_time.
No_lot_name.,http://japanparcel.com/ylot/l707511076,No_current_price.,No_buy_now_price .,No_start_time.,No_end_time.
?  Click  Les гѓ« гѓ—гѓЄ -  Power Amplifier  ?  catalog  KAS/KSA-300S/KSA-200S/KSA-100S KRC/KRC-2/KSL-2гЂЂ Sansui 907 Sony Corporation R10 Marantz M7г‚Ё Click  Scan  crew г‚·,http://japanparcel.com/ylot/d506364911,"￥5,900","￥6,000",08/27/2021 14:32,08/30/2021 14:32
A&P ?  ?  Mitsubishi  : DA-A10 :  sound  But  good  : USED,http://japanparcel.com/ylot/r507606531,"￥75,000",No_buy_now_price .,08/27/2021 14:32,09/ 2/2021 14:32
No_lot_name.,http://japanparcel.com/ylot/g494118502,No_current_price.,No_buy_now_price .,No_start_time.,No_end_time.
в€¬ Free shipping в€¬ audio  double  connector в€¬ Brand new   stereo  mini  plug 2 Branch   Earphone 2 Distribution   two  Man  so  Listen    That,http://japanparcel.com/ylot/o412156437,￥319,￥319,08/27/2021 14:33,08/30/2021 14:33
Brand new  ? oaarr AYIMA/TUBE-T4/6J1/TPA3221/B  Les г‚Є 2 channel Hi-Fi digital  Power Amplifier  429,http://japanparcel.com/ylot/n481070207,"￥10,130","￥10,130",08/20/2021 14:33,08/27/2021 14:33
tax included  ?  Vacuum tube  ? 4M-P12  Two  5AQ5 6CG7 3AU6 5U8 2AU7A12 A  T 7  Together 8 Book  MITSUNISHI  Toshiba   Mazda Motor Corporation  -I6-4489,http://japanparcel.com/ylot/f421809861,"￥1,700","￥1,700",08/25/2021 14:33,08/27/2021 14:33
"[ Free  Yes ] NAS  "" Wyred 4 Sound MS-2+ linear  Power supply  """,http://japanparcel.com/ylot/u408325776,"￥210,000","￥230,000",08/24/2021 03:33,08/27/2021 14:33
No_lot_name.,http://japanparcel.com/ylot/t100124426,No_current_price.,No_buy_now_price .,No_start_time.,No_end_time.
?   Low voltage  Driving  small  Type  stereo  Amplifier  kit  TDA2822  Use  for,http://japanparcel.com/ylot/b538471633,￥600,￥600,08/26/2021 14:33,08/27/2021 14:33
?  ?  ? ICRAE  Day  ~Tsu гѓ—  Silva     Mai  Mosquitoes  Capacitor  1600PF В± 5% 500VDC  Brand new 2 Individual  ?  ?  ?,http://japanparcel.com/ylot/w450131746,￥220,No_buy_now_price .,08/25/2021 14:33,08/27/2021 14:33
[  Free shipping / tax included  ]  PSVANE KT88 Vacuum tube   Match гѓ‰ -  Quad  Vacuum tube   Two,http://japanparcel.com/ylot/n525275947,"￥9,255","￥9,255",08/25/2021 14:33,08/27/2021 14:33
No_lot_name.,http://japanparcel.com/ylot/w100064542,No_current_price.,No_buy_now_price .,No_start_time.,No_end_time.
usa гЂЂSylvania Made by гЂЂ driver иЏ…гЂЂ Seven  Six гЂЂ Remodeling  Vacuum tube,http://japanparcel.com/ylot/q468221499,￥750,No_buy_now_price .,08/20/2021 03:34,08/27/2021 14:34
? 10mm ?  aluminum  volume  Knob   2 pieces [6mmгѓ­   Les  ~Tsu  To  axis  for ],http://japanparcel.com/ylot/k569130802,￥146,￥146,08/22/2021 14:34,08/27/2021 14:34
No_lot_name.,http://japanparcel.com/ylot/u100073834,No_current_price.,No_buy_now_price .,No_start_time.,No_end_time.
?  ?  ?  Army  standard гЂЂWE specification  HI-Q  G A Number  21.5K ?   В± 1% 0.25W(ж°‘ Living  standard 0.5W)  ceramic  resistance  NOS  Two  ?  ?  ?,http://japanparcel.com/ylot/s644252890,￥700,No_buy_now_price .,08/25/2021 14:34,08/27/2021 14:34
Bose гЂЂ Amplifier гЂЂ1705IIгЂЂBOSE,http://japanparcel.com/ylot/g526008946,"￥18,900","￥18,900",08/25/2021 14:34,08/27/2021 14:34
[  Free shipping / tax included  ]   music  hole  Hi-fi  mini  Selector гѓ‘ ~Tsu г‚·гѓ– Preamplifier 3-IN-OUT 2 audio  Preamplifier  Adjustment  Possible  volume,http://japanparcel.com/ylot/l695026946,"￥8,710","￥8,710",08/25/2021 14:34,08/27/2021 14:34
Rectification  tube  conversion  adapter гЂЂ Six AX5 ? EZ12,http://japanparcel.com/ylot/l612662988,"￥1,340",No_buy_now_price .,08/20/2021 03:35,08/27/2021 14:34
No_lot_name.,http://japanparcel.com/ylot/j100103553,No_current_price.,No_buy_now_price .,No_start_time.,No_end_time.
No_lot_name.,http://japanparcel.com/ylot/o100129450,No_current_price.,No_buy_now_price .,No_start_time.,No_end_time.
No_lot_name.,http://japanparcel.com/ylot/x100123088,No_current_price.,No_buy_now_price .,No_start_time.,No_end_time.
No_lot_name.,http://japanparcel.com/ylot/x100120463,No_current_price.,No_buy_now_price .,No_start_time.,No_end_time.
[  Free shipping / tax included  ]  douk audio   Vacuum tube   Preamplifier  6N3 6Z1 Hi-Fi  High-end   Scan гѓ—гѓЄ ~Tsu  To   Switching  Power supply  Attached to   black,http://japanparcel.com/ylot/s840012780,"￥10,528","￥10,528",08/25/2021 14:34,08/27/2021 14:34
No_lot_name.,http://japanparcel.com/ylot/c100060196,No_current_price.,No_buy_now_price .,No_start_time.,No_end_time.
?  Beauty products  ! DENON  Denon  AVR-X550BT AV Amplifier  AV Receiver    ?,http://japanparcel.com/ylot/q474531451,"￥15,800",No_buy_now_price .,08/25/2021 14:35,08/27/2021 14:35
Scarcity  LUXMAN  Laksman   Vacuum tube  stereo  Amplifier  25-25 60 custom  CUSTOM MQ60 NN3676,http://japanparcel.com/ylot/w478231114,"￥50,000",No_buy_now_price .,08/26/2021 14:35,08/27/2021 14:35
гѓ­ Click г‚їгѓ« tube гЂЂ Seven  F  Seven  /  Seven  N  Seven  ?  Six  S  L  Seven  /  Six  S  N  Seven гЂЂ conversion  adapter,http://japanparcel.com/ylot/h549752046,"￥1,640",No_buy_now_price .,08/20/2021 03:35,08/27/2021 14:35
No_lot_name.,http://japanparcel.com/ylot/s100002164,No_current_price.,No_buy_now_price .,No_start_time.,No_end_time.
No_lot_name.,http://japanparcel.com/ylot/q100135812,No_current_price.,No_buy_now_price .,No_start_time.,No_end_time.
No_lot_name.,http://japanparcel.com/ylot/b100178561,No_current_price.,No_buy_now_price .,No_start_time.,No_end_time.
[  Free shipping / tax included  ]   all 2 color  XiangSheng DAC-05B USB Hi-fi DAC Asynchronous XMOS / dual AK4495 / DSD balance  digital  audio  Decoder,http://japanparcel.com/ylot/v818264861,"￥43,073","￥43,073",08/25/2021 14:35,08/27/2021 14:35
"?  Original box  ,  Remote controller  With  ! Marantz  Marantz  SC-7S1  control  Amplifier   Preamplifier   Beauty products  !  ?",http://japanparcel.com/ylot/v821589774,"￥205,000",No_buy_now_price .,08/25/2021 14:35,08/27/2021 14:35
No_lot_name.,http://japanparcel.com/ylot/k100160938,No_current_price.,No_buy_now_price .,No_start_time.,No_end_time.
Three  Five  0 B/KT88/6550/6550A ?  Three  Six  Seven AгЂЂ conversion  adapter,http://japanparcel.com/ylot/s810543039,"￥1,580",No_buy_now_price .,08/20/2021 03:36,08/27/2021 14:35
No_lot_name.,http://japanparcel.com/ylot/s100073485,No_current_price.,No_buy_now_price .,No_start_time.,No_end_time.
No_lot_name.,http://japanparcel.com/ylot/j100127126,No_current_price.,No_buy_now_price .,No_start_time.,No_end_time.
"HPAT2 ] HPA T-2 ""  # stereo  Headphone amplifier  :  stereo  Presence  "" =T2= [  #STEREO HEADPHONES AMP : 2Volume/ 6.3 ?  ST Jack ]  #LAGOONSOUND",http://japanparcel.com/ylot/h484309484,"￥5,000","￥5,000",08/23/2021 20:36,08/27/2021 14:36
"magic  Eye  for  (  Six  E  Five  C  ,  One  Six  Two  Nine  )  socket  adapter",http://japanparcel.com/ylot/d512794374,"￥1,580",No_buy_now_price .,08/20/2021 14:36,08/27/2021 14:36
Audio CollectionsгЂЂ audio  -  collection  's гЂЂAC-82PP-IT-PWгЂЂ Vacuum tube  Preamplifier гЂЂ Maintenance  Already  Body  of  Pole  Beauty products  ! гЂЂ This  The  Truth  To  good  It is  !,http://japanparcel.com/ylot/v806542319,"￥300,000",No_buy_now_price .,08/21/2021 14:36,08/27/2021 14:36
No_lot_name.,http://japanparcel.com/ylot/j100098698,No_current_price.,No_buy_now_price .,No_start_time.,No_end_time.
гѓ­ Click г‚їгѓ«гЂЂ frequency  conversion  tube гЂЂGEгЂЂ Seven B8,http://japanparcel.com/ylot/517233407,￥580,No_buy_now_price .,08/20/2021 03:36,08/27/2021 14:36
No_lot_name.,http://japanparcel.com/ylot/100061671,No_current_price.,No_buy_now_price .,No_start_time.,No_end_time.
No_lot_name.,http://japanparcel.com/ylot/x100100897,No_current_price.,No_buy_now_price .,No_start_time.,No_end_time.
Aurex  Integrated amplifier  SB-320  junk,http://japanparcel.com/ylot/o492645153,"￥5,000","￥5,000",08/26/2021 14:36,08/27/2021 14:36
[  mini  plug  Branch  ] в€¬ Postage 120 Circle  ~ в€¬ Yes  Brand new   audio  double  connector   Earphone 2 Distribution   two  Man  so  Listen    That   headphone 2 Branch   stereo  mini  plug  Branch,http://japanparcel.com/ylot/n489889099,￥200,￥200,08/24/2021 14:37,08/27/2021 14:37
T  V  -  Seven  for гЂЂ P  X  -  Four  /  P  X  Two  Five  Such as  B  Four  /  B  Five  Measurement  adapter,http://japanparcel.com/ylot/v788342915,"￥1,680",No_buy_now_price .,08/20/2021 03:37,08/27/2021 14:37
?  Beauty products  ! DENON  Denon  PMA-S10 ?   Integrated amplifier  ?,http://japanparcel.com/ylot/d538729571,"￥64,800",No_buy_now_price .,08/25/2021 14:37,08/27/2021 14:37
[  Operation not yet verification / junk  Goods  ]  Vacuum tube  (MATUSHITA Made by x Two  - NATIONAL Made by x One  - HITACHI 5MK9x One  - Lux 6AR5x One  -  Maker  unknown x Two )  Total 7 Book,http://japanparcel.com/ylot/b514306133,"￥6,500",No_buy_now_price .,08/26/2021 14:37,08/27/2021 14:37
?  ?  ?  usa  CAL-RгЂЂ Army  standard гЂЂ High accuracy  Nothing  Induction е°Ћ Winding wire  resistance  96.5K ?  В± 0.5%гЂЂ 0.25WгЂЂ NOS 2 Individual  ?  ?  ?,http://japanparcel.com/ylot/l699329770,￥700,No_buy_now_price .,08/25/2021 14:37,08/27/2021 14:37
Victor  small  Type  High class  Integrated amplifier  A-M1H  junk   at that time  List price 9 Ten thousand,http://japanparcel.com/ylot/b423831010,"￥19,999","￥20,000",08/26/2021 14:37,08/27/2021 14:37
гѓ­ Click г‚їгѓ« tube гЂЂ Seven  C  Five  /  Five  B  /  Two  Five  Five  M  ?  Six  V  Six  /  Six  L  Six гЂЂ conversion  adapter,http://japanparcel.com/ylot/b551187678,"￥1,740",No_buy_now_price .,08/20/2021 03:37,08/27/2021 14:37
No_lot_name.,http://japanparcel.com/ylot/c100101675,No_current_price.,No_buy_now_price .,No_start_time.,No_end_time.
Toshiba   Vacuum tube  for  Power supply  Trance  TPW-913B  junk,http://japanparcel.com/ylot/o377588252,"￥7,000","￥7,000",08/26/2021 14:37,08/27/2021 14:37
Laksman  507ux2 LUXMAN L-507uXII  Integrated amplifier   Use  for зџ­,http://japanparcel.com/ylot/m498197427,"￥389,000",No_buy_now_price .,08/26/2021 14:38,08/27/2021 14:38
Trance  formula гЂЂгЂЂ Five  Class  Supermarket  radio  for  Vacuum tube  set,http://japanparcel.com/ylot/q448236706,"￥1,880",No_buy_now_price .,08/20/2021 03:38,08/27/2021 14:38
No_lot_name.,http://japanparcel.com/ylot/p100146982,No_current_price.,No_buy_now_price .,No_start_time.,No_end_time.
[ Technics/ Technics /AV control  Center / Amplifier /OSD/SU-HT500 ],http://japanparcel.com/ylot/w201248270,"￥5,000",No_buy_now_price .,08/27/2021 14:28,09/ 3/2021 14:28
очень дёшево   LUXMAN   гѓ©гѓіг‚ё звезда гѓ—гѓЄ основной   SQ301     210316 - 4   исправный товар  [ 3   месяц  гарантия   ],http://japanparcel.com/ylot/x769789237,"￥50,000","￥50,000",08/21/2021 00:28,08/28/2021 00:28
Five  Six  Seven  0  /  Three  Nine  Six A /  Two C51 ?  Six SN7 /  Five  Six  Nine  Two гЂЂ conversion  adapter,http://japanparcel.com/ylot/p778373358,"￥1,580",No_buy_now_price .,08/27/2021 14:28,09/ 3/2021 14:28
Three  Pole  Power  tube гЂЂ Three  0  0  B  ?  Six  B  Four  G гЂЂ conversion  adapter,http://japanparcel.com/ylot/m486947504,"￥1,640",No_buy_now_price .,08/27/2021 14:28,09/ 3/2021 14:28
No_lot_name.,http://japanparcel.com/ylot/j100092565,No_current_price.,No_buy_now_price .,No_start_time.,No_end_time.
No_lot_name.,http://japanparcel.com/ylot/100120346,No_current_price.,No_buy_now_price .,No_start_time.,No_end_time.
5 ball  Supermarket  radio  for гЂЂ Six ZDH3A,http://japanparcel.com/ylot/x795241677,￥940,No_buy_now_price .,08/27/2021 14:29,09/ 2/2021 14:29
No_lot_name.,http://japanparcel.com/ylot/f100132682,No_current_price.,No_buy_now_price .,No_start_time.,No_end_time.
No_lot_name.,http://japanparcel.com/ylot/x767032806,No_current_price.,No_buy_now_price .,No_start_time.,No_end_time.
[  блиц-цена  ]   установленная производителем цена 26 0000 йен   рабочий товар  2 канал  усилитель  PS-A1202 JOSS [   высокий  сопротивление   ]  Victor    Victor PSA1202,http://japanparcel.com/ylot/o482382414,"￥8,480","￥8,480",08/13/2021 19:09,08/14/2021 19:09
?  security  With  -  Work well  ? Accuphase CX-260 еёЊ Small 6ch Preamplifier,http://japanparcel.com/ylot/e528649354,"￥257,800","￥280,000",08/27/2021 14:29,08/29/2021 14:29
test  Machine TV-7 for гЂЂUV Small  tube  (  One  0  Four D Such as  )  Measurement  adapter,http://japanparcel.com/ylot/t745600031,"￥1,580",No_buy_now_price .,08/27/2021 14:29,09/ 3/2021 14:29
Nothing  oxygen  copper  of  impact  -  High-quality RCA plug гЂЂHRCA-21,http://japanparcel.com/ylot/m510759088,"￥14,000","￥14,000",08/27/2021 14:29,09/ 3/2021 14:29
No_lot_name.,http://japanparcel.com/ylot/u325731021,No_current_price.,No_buy_now_price .,No_start_time.,No_end_time.
No_lot_name.,http://japanparcel.com/ylot/j100124259,No_current_price.,No_buy_now_price .,No_start_time.,No_end_time.
No_lot_name.,http://japanparcel.com/ylot/m100042353,No_current_price.,No_buy_now_price .,No_start_time.,No_end_time.
No_lot_name.,http://japanparcel.com/ylot/b100169730,No_current_price.,No_buy_now_price .,No_start_time.,No_end_time.
MCINTOSH  McIntosh  C22  replica   Owner  's  manual   English  table  Record,http://japanparcel.com/ylot/d388336824,"￥20,000","￥20,000",08/27/2021 14:30,09/ 3/2021 14:30
No_lot_name.,http://japanparcel.com/ylot/q316508328,No_current_price.,No_buy_now_price .,No_start_time.,No_end_time.
0H068гЂЂгЂЂ banana  Correspondence  small  Type  Speaker    Terminal гЂЂгЂЂ 80112гЂЂгЂЂгЂЂ6 Individual  (  Red 4 black 2 )  set,http://japanparcel.com/ylot/r457756650,￥900,￥900,08/27/2021 14:30,09/ 3/2021 14:30
"SPRAGUE ""96P"" 1uF/300V  Vintage   oil  paper  Capacitor   ? 2 Individual  ''VITAMIN Q''",http://japanparcel.com/ylot/m485529884,"￥3,000","￥3,000",08/27/2021 14:30,09/ 3/2021 14:30
No_lot_name.,http://japanparcel.com/ylot/w491687025,No_current_price.,No_buy_now_price .,No_start_time.,No_end_time.
No_lot_name.,http://japanparcel.com/ylot/r100121125,No_current_price.,No_buy_now_price .,No_start_time.,No_end_time.
T  V  -  Seven  for  Mug гѓЋ  гѓђгѓ« tube  (  Four  0  K  G  Six  Such as  )  Measurement  for  adapter,http://japanparcel.com/ylot/k487421033,"￥1,540",No_buy_now_price .,08/27/2021 14:30,09/ 3/2021 14:30
1G171гЂЂгЂЂRCA Jack гЂЂ brass  To  Gold plate гЂЂ0581TCгЂЂ Red  band / White  band гЂЂ20 Individual  set,http://japanparcel.com/ylot/s838894000,"￥3,400","￥3,400",08/27/2021 14:30,09/ 3/2021 14:30
Victor VOSS PS-A2002 2ch  усилитель   рабочий товар   2C129,http://japanparcel.com/ylot/c910773333,"￥8,000","￥10,000",08/16/2021 00:21,08/18/2021 00:21
No_lot_name.,http://japanparcel.com/ylot/h100120940,No_current_price.,No_buy_now_price .,No_start_time.,No_end_time.
No_lot_name.,http://japanparcel.com/ylot/p100176162,No_current_price.,No_buy_now_price .,No_start_time.,No_end_time.
?   Scarcity !  Prompt decision !  Denon  DENON AV Remote controller  RC-1181  Operation goods  ? ( AVR-X1000  for ) ?,http://japanparcel.com/ylot/b409232479,"￥3,000","￥3,000",08/27/2021 14:31,09/ 3/2021 14:31
Six  A  Q  Five  ?  Six  V  Six гЂЂ conversion  adapter,http://japanparcel.com/ylot/e524245709,"￥1,530",No_buy_now_price .,08/27/2021 14:31,09/ 3/2021 14:31
No_lot_name.,http://japanparcel.com/ylot/n472432152,No_current_price.,No_buy_now_price .,No_start_time.,No_end_time.
No_lot_name.,http://japanparcel.com/ylot/d100157681,No_current_price.,No_buy_now_price .,No_start_time.,No_end_time.
NEC  Transistor  2SC2681 R97A NOS  Unused item   Japan  Electrical   Integrated amplifier  NEC A-7 A-700 SONY TA-F40 TA-F55 TA-F80 TA-AX  series  Such as ?,http://japanparcel.com/ylot/n505284658,"￥1,000","￥1,000",08/27/2021 14:31,09/ 3/2021 14:31
NEC  Transistor  2SC2681 Q07 NOS  Unused item   Japan  Electrical   Integrated amplifier  NEC A-7 A-700 SONY TA-F40 TA-F55 TA-F80 TA-AX  series  Such as ?,http://japanparcel.com/ylot/j700791921,"￥1,000","￥1,000",08/27/2021 14:31,09/ 3/2021 14:31
"[  бесплатная доставка по Японии / включая налоги  ]  Shuguang EL34B EL34-B (EL34 , EL34A)  четвёрка   комплект из 4 штук  Vacuume Tube  красный  символ",http://japanparcel.com/ylot/u458095703,"￥6,710","￥6,710",08/13/2021 23:59,08/15/2021 23:59
No_lot_name.,http://japanparcel.com/ylot/w491758348,No_current_price.,No_buy_now_price .,No_start_time.,No_end_time.
No_lot_name.,http://japanparcel.com/ylot/r100180532,No_current_price.,No_buy_now_price .,No_start_time.,No_end_time.
[ A ] SONY  For business  Pro  Machine  of  Unplug ж®»  self made  Amplifier  case  To   Vacuum tube   Preamplifier   equalizer    Amplifier   Transistor     Power IC е·ҐдЅњ  Chassis,http://japanparcel.com/ylot/r222091545,"￥3,000","￥3,000",08/27/2021 14:32,08/31/2021 14:32
No_lot_name.,http://japanparcel.com/ylot/h521538761,No_current_price.,No_buy_now_price .,No_start_time.,No_end_time.
[ B ] SONY  For business  Pro  Machine  of  Unplug ж®»  self made  Amplifier  case  To   Vacuum tube   Preamplifier   equalizer    Amplifier   Transistor     Power IC е·ҐдЅњ  Chassis,http://japanparcel.com/ylot/n243983675,"￥3,000","￥3,000",08/27/2021 14:32,08/31/2021 14:32
No_lot_name.,http://japanparcel.com/ylot/m100140995,No_current_price.,No_buy_now_price .,No_start_time.,No_end_time.
No_lot_name.,http://japanparcel.com/ylot/l707511076,No_current_price.,No_buy_now_price .,No_start_time.,No_end_time.
?  Click  Les гѓ« гѓ—гѓЄ -  Power Amplifier  ?  catalog  KAS/KSA-300S/KSA-200S/KSA-100S KRC/KRC-2/KSL-2гЂЂ Sansui 907 Sony Corporation R10 Marantz M7г‚Ё Click  Scan  crew г‚·,http://japanparcel.com/ylot/d506364911,"￥5,900","￥6,000",08/27/2021 14:32,08/30/2021 14:32
A&P ?  ?  Mitsubishi  : DA-A10 :  sound  But  good  : USED,http://japanparcel.com/ylot/r507606531,"￥75,000",No_buy_now_price .,08/27/2021 14:32,09/ 2/2021 14:32
No_lot_name.,http://japanparcel.com/ylot/g494118502,No_current_price.,No_buy_now_price .,No_start_time.,No_end_time.
в€¬ Free shipping в€¬ audio  double  connector в€¬ Brand new   stereo  mini  plug 2 Branch   Earphone 2 Distribution   two  Man  so  Listen    That,http://japanparcel.com/ylot/o412156437,￥319,￥319,08/27/2021 14:33,08/30/2021 14:33
No_lot_name.,http://japanparcel.com/ylot/n481070207,No_current_price.,No_buy_now_price .,No_start_time.,No_end_time.
No_lot_name.,http://japanparcel.com/ylot/f421809861,No_current_price.,No_buy_now_price .,No_start_time.,No_end_time.
"[ Free  Yes ] NAS  "" Wyred 4 Sound MS-2+ linear  Power supply  """,http://japanparcel.com/ylot/u408325776,"￥210,000","￥230,000",08/27/2021 14:33,08/30/2021 14:33
No_lot_name.,http://japanparcel.com/ylot/t100124426,No_current_price.,No_buy_now_price .,No_start_time.,No_end_time.
?   Low voltage  Driving  small  Type  stereo  Amplifier  kit  TDA2822  Use  for,http://japanparcel.com/ylot/b538471633,￥600,￥600,08/27/2021 14:33,08/28/2021 14:33
?  ?  ? ICRAE  Day  ~Tsu гѓ—  Silva     Mai  Mosquitoes  Capacitor  1600PF В± 5% 500VDC  Brand new 2 Individual  ?  ?  ?,http://japanparcel.com/ylot/w450131746,￥220,No_buy_now_price .,08/27/2021 14:33,08/29/2021 14:33
No_lot_name.,http://japanparcel.com/ylot/n525275947,No_current_price.,No_buy_now_price .,No_start_time.,No_end_time.
No_lot_name.,http://japanparcel.com/ylot/w100064542,No_current_price.,No_buy_now_price .,No_start_time.,No_end_time.
usa гЂЂSylvania Made by гЂЂ driver иЏ…гЂЂ Seven  Six гЂЂ Remodeling  Vacuum tube,http://japanparcel.com/ylot/q468221499,￥750,No_buy_now_price .,08/27/2021 14:34,09/ 3/2021 14:34
? 10mm ?  aluminum  volume  Knob   2 pieces [6mmгѓ­   Les  ~Tsu  To  axis  for ],http://japanparcel.com/ylot/k569130802,￥146,￥146,08/27/2021 14:34,09/ 1/2021 14:34
No_lot_name.,http://japanparcel.com/ylot/u100073834,No_current_price.,No_buy_now_price .,No_start_time.,No_end_time.
?  ?  ?  Army  standard гЂЂWE specification  HI-Q  G A Number  21.5K ?   В± 1% 0.25W(ж°‘ Living  standard 0.5W)  ceramic  resistance  NOS  Two  ?  ?  ?,http://japanparcel.com/ylot/s644252890,￥700,No_buy_now_price .,08/27/2021 14:34,08/29/2021 14:34
No_lot_name.,http://japanparcel.com/ylot/g526008946,No_current_price.,No_buy_now_price .,No_start_time.,No_end_time.
No_lot_name.,http://japanparcel.com/ylot/l695026946,No_current_price.,No_buy_now_price .,No_start_time.,No_end_time.
Rectification  tube  conversion  adapter гЂЂ Six AX5 ? EZ12,http://japanparcel.com/ylot/l612662988,"￥1,340",No_buy_now_price .,08/27/2021 14:34,09/ 3/2021 14:34
No_lot_name.,http://japanparcel.com/ylot/j100103553,No_current_price.,No_buy_now_price .,No_start_time.,No_end_time.
No_lot_name.,http://japanparcel.com/ylot/o100129450,No_current_price.,No_buy_now_price .,No_start_time.,No_end_time.
No_lot_name.,http://japanparcel.com/ylot/x100123088,No_current_price.,No_buy_now_price .,No_start_time.,No_end_time.
No_lot_name.,http://japanparcel.com/ylot/x100120463,No_current_price.,No_buy_now_price .,No_start_time.,No_end_time.
No_lot_name.,http://japanparcel.com/ylot/s840012780,No_current_price.,No_buy_now_price .,No_start_time.,No_end_time.
No_lot_name.,http://japanparcel.com/ylot/c100060196,No_current_price.,No_buy_now_price .,No_start_time.,No_end_time.
?  Beauty products  ! DENON  Denon  AVR-X550BT AV Amplifier  AV Receiver    ?,http://japanparcel.com/ylot/q474531451,"￥15,800",No_buy_now_price .,08/27/2021 14:35,08/29/2021 14:35
редкий товар  LUXMAN  рейка   гѓћгѓі  вакуумная труба  стерео  усилитель  25-25 60 custom  CUSTOM MQ60 NN3676,http://japanparcel.com/ylot/w478231114,"￥50,000",￥0,08/25/2021 00:35,08/26/2021 00:35
гѓ­ Click г‚їгѓ« tube гЂЂ Seven  F  Seven  /  Seven  N  Seven  ?  Six  S  L  Seven  /  Six  S  N  Seven гЂЂ conversion  adapter,http://japanparcel.com/ylot/h549752046,"￥1,640",No_buy_now_price .,08/27/2021 14:35,09/ 3/2021 14:35
No_lot_name.,http://japanparcel.com/ylot/s100002164,No_current_price.,No_buy_now_price .,No_start_time.,No_end_time.
No_lot_name.,http://japanparcel.com/ylot/q100135812,No_current_price.,No_buy_now_price .,No_start_time.,No_end_time.
No_lot_name.,http://japanparcel.com/ylot/b100178561,No_current_price.,No_buy_now_price .,No_start_time.,No_end_time.
No_lot_name.,http://japanparcel.com/ylot/v818264861,No_current_price.,No_buy_now_price .,No_start_time.,No_end_time.
"?  Original box  ,  Remote controller  With  ! Marantz  Marantz  SC-7S1  control  Amplifier   Preamplifier   Beauty products  !  ?",http://japanparcel.com/ylot/v821589774,"￥205,000",No_buy_now_price .,08/27/2021 14:35,08/29/2021 14:35
No_lot_name.,http://japanparcel.com/ylot/k100160938,No_current_price.,No_buy_now_price .,No_start_time.,No_end_time.
Three  Five  0 B/KT88/6550/6550A ?  Three  Six  Seven AгЂЂ conversion  adapter,http://japanparcel.com/ylot/s810543039,"￥1,580",No_buy_now_price .,08/27/2021 14:35,09/ 3/2021 14:35
No_lot_name.,http://japanparcel.com/ylot/s100073485,No_current_price.,No_buy_now_price .,No_start_time.,No_end_time.
No_lot_name.,http://japanparcel.com/ylot/j100127126,No_current_price.,No_buy_now_price .,No_start_time.,No_end_time.
"HPAT2 ] HPA T-2 ""  # stereo  Headphone amplifier  :  stereo  Presence  "" =T2= [  #STEREO HEADPHONES AMP : 2Volume/ 6.3 ?  ST Jack ]  #LAGOONSOUND",http://japanparcel.com/ylot/h484309484,"￥5,000","￥5,000",08/27/2021 14:36,08/31/2021 14:36
"magic  Eye  for  (  Six  E  Five  C  ,  One  Six  Two  Nine  )  socket  adapter",http://japanparcel.com/ylot/d512794374,"￥1,580",No_buy_now_price .,08/27/2021 14:36,09/ 3/2021 14:36
Audio CollectionsгЂЂ audio  -  collection  's гЂЂAC-82PP-IT-PWгЂЂ Vacuum tube  Preamplifier гЂЂ Maintenance  Already  Body  of  Pole  Beauty products  ! гЂЂ This  The  Truth  To  good  It is  !,http://japanparcel.com/ylot/v806542319,"￥300,000",No_buy_now_price .,08/27/2021 14:36,09/ 2/2021 14:36
No_lot_name.,http://japanparcel.com/ylot/j100098698,No_current_price.,No_buy_now_price .,No_start_time.,No_end_time.
гѓ­ Click г‚їгѓ«гЂЂ frequency  conversion  tube гЂЂGEгЂЂ Seven B8,http://japanparcel.com/ylot/517233407,￥580,No_buy_now_price .,08/27/2021 14:36,09/ 3/2021 14:36
No_lot_name.,http://japanparcel.com/ylot/100061671,No_current_price.,No_buy_now_price .,No_start_time.,No_end_time.
No_lot_name.,http://japanparcel.com/ylot/x100100897,No_current_price.,No_buy_now_price .,No_start_time.,No_end_time.
Aurex  Интегрированный усилитель  SB-320  продаю как нерабочий,http://japanparcel.com/ylot/o492645153,"￥5,000","￥5,000",08/16/2021 22:04,08/17/2021 22:04
[  mini  plug  Branch  ] в€¬ Postage 120 Circle  ~ в€¬ Yes  Brand new   audio  double  connector   Earphone 2 Distribution   two  Man  so  Listen    That   headphone 2 Branch   stereo  mini  plug  Branch,http://japanparcel.com/ylot/n489889099,￥200,￥200,08/27/2021 14:37,08/30/2021 14:37
T  V  -  Seven  for гЂЂ P  X  -  Four  /  P  X  Two  Five  Such as  B  Four  /  B  Five  Measurement  adapter,http://japanparcel.com/ylot/v788342915,"￥1,680",No_buy_now_price .,08/27/2021 14:37,09/ 3/2021 14:37
?  Beauty products  ! DENON  Denon  PMA-S10 ?   Integrated amplifier  ?,http://japanparcel.com/ylot/d538729571,"￥64,800",No_buy_now_price .,08/27/2021 14:37,08/29/2021 14:37
No_lot_name.,http://japanparcel.com/ylot/b514306133,No_current_price.,No_buy_now_price .,No_start_time.,No_end_time.
?  ?  ?  usa  CAL-RгЂЂ Army  standard гЂЂ High accuracy  Nothing  Induction е°Ћ Winding wire  resistance  96.5K ?  В± 0.5%гЂЂ 0.25WгЂЂ NOS 2 Individual  ?  ?  ?,http://japanparcel.com/ylot/l699329770,￥700,No_buy_now_price .,08/27/2021 14:37,08/29/2021 14:37
No_lot_name.,http://japanparcel.com/ylot/b423831010,No_current_price.,No_buy_now_price .,No_start_time.,No_end_time.
гѓ­ Click г‚їгѓ« tube гЂЂ Seven  C  Five  /  Five  B  /  Two  Five  Five  M  ?  Six  V  Six  /  Six  L  Six гЂЂ conversion  adapter,http://japanparcel.com/ylot/b551187678,"￥1,740",No_buy_now_price .,08/27/2021 14:37,09/ 3/2021 14:37
No_lot_name.,http://japanparcel.com/ylot/c100101675,No_current_price.,No_buy_now_price .,No_start_time.,No_end_time.
No_lot_name.,http://japanparcel.com/ylot/o377588252,No_current_price.,No_buy_now_price .,No_start_time.,No_end_time.
Laksman  507ux2 LUXMAN L-507uXII  Integrated amplifier   Use  for зџ­,http://japanparcel.com/ylot/m498197427,"￥389,000",No_buy_now_price .,08/27/2021 14:38,08/28/2021 14:38
Trance  formula гЂЂгЂЂ Five  Class  Supermarket  radio  for  Vacuum tube  set,http://japanparcel.com/ylot/q448236706,"￥1,880",No_buy_now_price .,08/20/2021 03:38,08/27/2021 14:38
No_lot_name.,http://japanparcel.com/ylot/p100146982,No_current_price.,No_buy_now_price .,No_start_time.,No_end_time.
"U  S  base  tube  (  Six  B  Four  G  ,  Six  J  Five  ,  Six  G  A  Four  ,  R  One  Two  0  )  ?  B  Four  /  B  Five  base  tube  (  P  X  Four  ,  P  X  Two  Five  /  Four  One  M  X  P  )  conversion  adapter",http://japanparcel.com/ylot/n382652705,"￥1,480",No_buy_now_price .,08/20/2021 03:39,08/27/2021 14:38
[ Technics/ Technics /AV control  Center / Amplifier /OSD/SU-HT500 ],http://japanparcel.com/ylot/w201248270,"￥5,000",No_buy_now_price .,08/27/2021 14:28,09/ 3/2021 14:28
очень дёшево   LUXMAN   гѓ©гѓіг‚ё звезда гѓ—гѓЄ основной   SQ301     210316 - 4   исправный товар  [ 3   месяц  гарантия   ],http://japanparcel.com/ylot/x769789237,"￥50,000","￥50,000",08/21/2021 00:28,08/28/2021 00:28
Five  Six  Seven  0  /  Three  Nine  Six A /  Two C51 ?  Six SN7 /  Five  Six  Nine  Two гЂЂ conversion  adapter,http://japanparcel.com/ylot/p778373358,"￥1,580",No_buy_now_price .,08/27/2021 14:28,09/ 3/2021 14:28
Three  Pole  Power  tube гЂЂ Three  0  0  B  ?  Six  B  Four  G гЂЂ conversion  adapter,http://japanparcel.com/ylot/m486947504,"￥1,640",No_buy_now_price .,08/27/2021 14:28,09/ 3/2021 14:28
No_lot_name.,http://japanparcel.com/ylot/j100092565,No_current_price.,No_buy_now_price .,No_start_time.,No_end_time.
No_lot_name.,http://japanparcel.com/ylot/100120346,No_current_price.,No_buy_now_price .,No_start_time.,No_end_time.
5 ball  Supermarket  radio  for гЂЂ Six ZDH3A,http://japanparcel.com/ylot/x795241677,￥940,No_buy_now_price .,08/27/2021 14:29,09/ 2/2021 14:29
No_lot_name.,http://japanparcel.com/ylot/f100132682,No_current_price.,No_buy_now_price .,No_start_time.,No_end_time.
No_lot_name.,http://japanparcel.com/ylot/x767032806,No_current_price.,No_buy_now_price .,No_start_time.,No_end_time.
[  блиц-цена  ]   установленная производителем цена 26 0000 йен   рабочий товар  2 канал  усилитель  PS-A1202 JOSS [   высокий  сопротивление   ]  Victor    Victor PSA1202,http://japanparcel.com/ylot/o482382414,"￥8,480","￥8,480",08/13/2021 19:09,08/14/2021 19:09
?  security  With  -  Work well  ? Accuphase CX-260 еёЊ Small 6ch Preamplifier,http://japanparcel.com/ylot/e528649354,"￥257,800","￥280,000",08/27/2021 14:29,08/29/2021 14:29
test  Machine TV-7 for гЂЂUV Small  tube  (  One  0  Four D Such as  )  Measurement  adapter,http://japanparcel.com/ylot/t745600031,"￥1,580",No_buy_now_price .,08/27/2021 14:29,09/ 3/2021 14:29
Nothing  oxygen  copper  of  impact  -  High-quality RCA plug гЂЂHRCA-21,http://japanparcel.com/ylot/m510759088,"￥14,000","￥14,000",08/27/2021 14:29,09/ 3/2021 14:29
No_lot_name.,http://japanparcel.com/ylot/u325731021,No_current_price.,No_buy_now_price .,No_start_time.,No_end_time.
No_lot_name.,http://japanparcel.com/ylot/j100124259,No_current_price.,No_buy_now_price .,No_start_time.,No_end_time.
No_lot_name.,http://japanparcel.com/ylot/m100042353,No_current_price.,No_buy_now_price .,No_start_time.,No_end_time.
No_lot_name.,http://japanparcel.com/ylot/b100169730,No_current_price.,No_buy_now_price .,No_start_time.,No_end_time.
MCINTOSH  McIntosh  C22  replica   Owner  's  manual   English  table  Record,http://japanparcel.com/ylot/d388336824,"￥20,000","￥20,000",08/27/2021 14:30,09/ 3/2021 14:30
No_lot_name.,http://japanparcel.com/ylot/q316508328,No_current_price.,No_buy_now_price .,No_start_time.,No_end_time.
0H068гЂЂгЂЂ banana  Correspondence  small  Type  Speaker    Terminal гЂЂгЂЂ 80112гЂЂгЂЂгЂЂ6 Individual  (  Red 4 black 2 )  set,http://japanparcel.com/ylot/r457756650,￥900,￥900,08/27/2021 14:30,09/ 3/2021 14:30
"SPRAGUE ""96P"" 1uF/300V  Vintage   oil  paper  Capacitor   ? 2 Individual  ''VITAMIN Q''",http://japanparcel.com/ylot/m485529884,"￥3,000","￥3,000",08/27/2021 14:30,09/ 3/2021 14:30
No_lot_name.,http://japanparcel.com/ylot/w491687025,No_current_price.,No_buy_now_price .,No_start_time.,No_end_time.
No_lot_name.,http://japanparcel.com/ylot/r100121125,No_current_price.,No_buy_now_price .,No_start_time.,No_end_time.
T  V  -  Seven  for  Mug гѓЋ  гѓђгѓ« tube  (  Four  0  K  G  Six  Such as  )  Measurement  for  adapter,http://japanparcel.com/ylot/k487421033,"￥1,540",No_buy_now_price .,08/27/2021 14:30,09/ 3/2021 14:30
1G171гЂЂгЂЂRCA Jack гЂЂ brass  To  Gold plate гЂЂ0581TCгЂЂ Red  band / White  band гЂЂ20 Individual  set,http://japanparcel.com/ylot/s838894000,"￥3,400","￥3,400",08/27/2021 14:30,09/ 3/2021 14:30
Victor VOSS PS-A2002 2ch  усилитель   рабочий товар   2C129,http://japanparcel.com/ylot/c910773333,"￥8,000","￥10,000",08/16/2021 00:21,08/18/2021 00:21
No_lot_name.,http://japanparcel.com/ylot/h100120940,No_current_price.,No_buy_now_price .,No_start_time.,No_end_time.
No_lot_name.,http://japanparcel.com/ylot/p100176162,No_current_price.,No_buy_now_price .,No_start_time.,No_end_time.
?   Scarcity !  Prompt decision !  Denon  DENON AV Remote controller  RC-1181  Operation goods  ? ( AVR-X1000  for ) ?,http://japanparcel.com/ylot/b409232479,"￥3,000","￥3,000",08/27/2021 14:31,09/ 3/2021 14:31
Six  A  Q  Five  ?  Six  V  Six гЂЂ conversion  adapter,http://japanparcel.com/ylot/e524245709,"￥1,530",No_buy_now_price .,08/27/2021 14:31,09/ 3/2021 14:31
No_lot_name.,http://japanparcel.com/ylot/n472432152,No_current_price.,No_buy_now_price .,No_start_time.,No_end_time.
No_lot_name.,http://japanparcel.com/ylot/d100157681,No_current_price.,No_buy_now_price .,No_start_time.,No_end_time.
NEC  Transistor  2SC2681 R97A NOS  Unused item   Japan  Electrical   Integrated amplifier  NEC A-7 A-700 SONY TA-F40 TA-F55 TA-F80 TA-AX  series  Such as ?,http://japanparcel.com/ylot/n505284658,"￥1,000","￥1,000",08/27/2021 14:31,09/ 3/2021 14:31
NEC  Transistor  2SC2681 Q07 NOS  Unused item   Japan  Electrical   Integrated amplifier  NEC A-7 A-700 SONY TA-F40 TA-F55 TA-F80 TA-AX  series  Such as ?,http://japanparcel.com/ylot/j700791921,"￥1,000","￥1,000",08/27/2021 14:31,09/ 3/2021 14:31
"[  бесплатная доставка по Японии / включая налоги  ]  Shuguang EL34B EL34-B (EL34 , EL34A)  четвёрка   комплект из 4 штук  Vacuume Tube  красный  символ",http://japanparcel.com/ylot/u458095703,"￥6,710","￥6,710",08/13/2021 23:59,08/15/2021 23:59
No_lot_name.,http://japanparcel.com/ylot/w491758348,No_current_price.,No_buy_now_price .,No_start_time.,No_end_time.
No_lot_name.,http://japanparcel.com/ylot/r100180532,No_current_price.,No_buy_now_price .,No_start_time.,No_end_time.
[ A ] SONY  For business  Pro  Machine  of  Unplug ж®»  self made  Amplifier  case  To   Vacuum tube   Preamplifier   equalizer    Amplifier   Transistor     Power IC е·ҐдЅњ  Chassis,http://japanparcel.com/ylot/r222091545,"￥3,000","￥3,000",08/27/2021 14:32,08/31/2021 14:32
No_lot_name.,http://japanparcel.com/ylot/h521538761,No_current_price.,No_buy_now_price .,No_start_time.,No_end_time.
[ B ] SONY  For business  Pro  Machine  of  Unplug ж®»  self made  Amplifier  case  To   Vacuum tube   Preamplifier   equalizer    Amplifier   Transistor     Power IC е·ҐдЅњ  Chassis,http://japanparcel.com/ylot/n243983675,"￥3,000","￥3,000",08/27/2021 14:32,08/31/2021 14:32
No_lot_name.,http://japanparcel.com/ylot/m100140995,No_current_price.,No_buy_now_price .,No_start_time.,No_end_time.
No_lot_name.,http://japanparcel.com/ylot/l707511076,No_current_price.,No_buy_now_price .,No_start_time.,No_end_time.
?  Click  Les гѓ« гѓ—гѓЄ -  Power Amplifier  ?  catalog  KAS/KSA-300S/KSA-200S/KSA-100S KRC/KRC-2/KSL-2гЂЂ Sansui 907 Sony Corporation R10 Marantz M7г‚Ё Click  Scan  crew г‚·,http://japanparcel.com/ylot/d506364911,"￥5,900","￥6,000",08/27/2021 14:32,08/30/2021 14:32
A&P ?  ?  Mitsubishi  : DA-A10 :  sound  But  good  : USED,http://japanparcel.com/ylot/r507606531,"￥75,000",No_buy_now_price .,08/27/2021 14:32,09/ 2/2021 14:32
No_lot_name.,http://japanparcel.com/ylot/g494118502,No_current_price.,No_buy_now_price .,No_start_time.,No_end_time.
в€¬ Free shipping в€¬ audio  double  connector в€¬ Brand new   stereo  mini  plug 2 Branch   Earphone 2 Distribution   two  Man  so  Listen    That,http://japanparcel.com/ylot/o412156437,￥319,￥319,08/27/2021 14:33,08/30/2021 14:33
No_lot_name.,http://japanparcel.com/ylot/n481070207,No_current_price.,No_buy_now_price .,No_start_time.,No_end_time.
No_lot_name.,http://japanparcel.com/ylot/f421809861,No_current_price.,No_buy_now_price .,No_start_time.,No_end_time.
"[ Free  Yes ] NAS  "" Wyred 4 Sound MS-2+ linear  Power supply  """,http://japanparcel.com/ylot/u408325776,"￥210,000","￥230,000",08/27/2021 14:33,08/30/2021 14:33
No_lot_name.,http://japanparcel.com/ylot/t100124426,No_current_price.,No_buy_now_price .,No_start_time.,No_end_time.
?   Low voltage  Driving  small  Type  stereo  Amplifier  kit  TDA2822  Use  for,http://japanparcel.com/ylot/b538471633,￥600,￥600,08/27/2021 14:33,08/28/2021 14:33
?  ?  ? ICRAE  Day  ~Tsu гѓ—  Silva     Mai  Mosquitoes  Capacitor  1600PF В± 5% 500VDC  Brand new 2 Individual  ?  ?  ?,http://japanparcel.com/ylot/w450131746,￥220,No_buy_now_price .,08/27/2021 14:33,08/29/2021 14:33
No_lot_name.,http://japanparcel.com/ylot/n525275947,No_current_price.,No_buy_now_price .,No_start_time.,No_end_time.
No_lot_name.,http://japanparcel.com/ylot/w100064542,No_current_price.,No_buy_now_price .,No_start_time.,No_end_time.
usa гЂЂSylvania Made by гЂЂ driver иЏ…гЂЂ Seven  Six гЂЂ Remodeling  Vacuum tube,http://japanparcel.com/ylot/q468221499,￥750,No_buy_now_price .,08/27/2021 14:34,09/ 3/2021 14:34
? 10mm ?  aluminum  volume  Knob   2 pieces [6mmгѓ­   Les  ~Tsu  To  axis  for ],http://japanparcel.com/ylot/k569130802,￥146,￥146,08/27/2021 14:34,09/ 1/2021 14:34
No_lot_name.,http://japanparcel.com/ylot/u100073834,No_current_price.,No_buy_now_price .,No_start_time.,No_end_time.
?  ?  ?  Army  standard гЂЂWE specification  HI-Q  G A Number  21.5K ?   В± 1% 0.25W(ж°‘ Living  standard 0.5W)  ceramic  resistance  NOS  Two  ?  ?  ?,http://japanparcel.com/ylot/s644252890,￥700,No_buy_now_price .,08/27/2021 14:34,08/29/2021 14:34
No_lot_name.,http://japanparcel.com/ylot/g526008946,No_current_price.,No_buy_now_price .,No_start_time.,No_end_time.
No_lot_name.,http://japanparcel.com/ylot/l695026946,No_current_price.,No_buy_now_price .,No_start_time.,No_end_time.
Rectification  tube  conversion  adapter гЂЂ Six AX5 ? EZ12,http://japanparcel.com/ylot/l612662988,"￥1,340",No_buy_now_price .,08/27/2021 14:34,09/ 3/2021 14:34
No_lot_name.,http://japanparcel.com/ylot/j100103553,No_current_price.,No_buy_now_price .,No_start_time.,No_end_time.
No_lot_name.,http://japanparcel.com/ylot/o100129450,No_current_price.,No_buy_now_price .,No_start_time.,No_end_time.
No_lot_name.,http://japanparcel.com/ylot/x100123088,No_current_price.,No_buy_now_price .,No_start_time.,No_end_time.
No_lot_name.,http://japanparcel.com/ylot/x100120463,No_current_price.,No_buy_now_price .,No_start_time.,No_end_time.
No_lot_name.,http://japanparcel.com/ylot/s840012780,No_current_price.,No_buy_now_price .,No_start_time.,No_end_time.
No_lot_name.,http://japanparcel.com/ylot/c100060196,No_current_price.,No_buy_now_price .,No_start_time.,No_end_time.
?  Beauty products  ! DENON  Denon  AVR-X550BT AV Amplifier  AV Receiver    ?,http://japanparcel.com/ylot/q474531451,"￥15,800",No_buy_now_price .,08/27/2021 14:35,08/29/2021 14:35
редкий товар  LUXMAN  рейка   гѓћгѓі  вакуумная труба  стерео  усилитель  25-25 60 custom  CUSTOM MQ60 NN3676,http://japanparcel.com/ylot/w478231114,"￥50,000",￥0,08/25/2021 00:35,08/26/2021 00:35
гѓ­ Click г‚їгѓ« tube гЂЂ Seven  F  Seven  /  Seven  N  Seven  ?  Six  S  L  Seven  /  Six  S  N  Seven гЂЂ conversion  adapter,http://japanparcel.com/ylot/h549752046,"￥1,640",No_buy_now_price .,08/27/2021 14:35,09/ 3/2021 14:35
No_lot_name.,http://japanparcel.com/ylot/s100002164,No_current_price.,No_buy_now_price .,No_start_time.,No_end_time.
No_lot_name.,http://japanparcel.com/ylot/q100135812,No_current_price.,No_buy_now_price .,No_start_time.,No_end_time.
No_lot_name.,http://japanparcel.com/ylot/b100178561,No_current_price.,No_buy_now_price .,No_start_time.,No_end_time.
No_lot_name.,http://japanparcel.com/ylot/v818264861,No_current_price.,No_buy_now_price .,No_start_time.,No_end_time.
"?  Original box  ,  Remote controller  With  ! Marantz  Marantz  SC-7S1  control  Amplifier   Preamplifier   Beauty products  !  ?",http://japanparcel.com/ylot/v821589774,"￥205,000",No_buy_now_price .,08/27/2021 14:35,08/29/2021 14:35
No_lot_name.,http://japanparcel.com/ylot/k100160938,No_current_price.,No_buy_now_price .,No_start_time.,No_end_time.
Three  Five  0 B/KT88/6550/6550A ?  Three  Six  Seven AгЂЂ conversion  adapter,http://japanparcel.com/ylot/s810543039,"￥1,580",No_buy_now_price .,08/27/2021 14:35,09/ 3/2021 14:35
No_lot_name.,http://japanparcel.com/ylot/s100073485,No_current_price.,No_buy_now_price .,No_start_time.,No_end_time.
No_lot_name.,http://japanparcel.com/ylot/j100127126,No_current_price.,No_buy_now_price .,No_start_time.,No_end_time.
"HPAT2 ] HPA T-2 ""  # stereo  Headphone amplifier  :  stereo  Presence  "" =T2= [  #STEREO HEADPHONES AMP : 2Volume/ 6.3 ?  ST Jack ]  #LAGOONSOUND",http://japanparcel.com/ylot/h484309484,"￥5,000","￥5,000",08/27/2021 14:36,08/31/2021 14:36
"magic  Eye  for  (  Six  E  Five  C  ,  One  Six  Two  Nine  )  socket  adapter",http://japanparcel.com/ylot/d512794374,"￥1,580",No_buy_now_price .,08/27/2021 14:36,09/ 3/2021 14:36
Audio CollectionsгЂЂ audio  -  collection  's гЂЂAC-82PP-IT-PWгЂЂ Vacuum tube  Preamplifier гЂЂ Maintenance  Already  Body  of  Pole  Beauty products  ! гЂЂ This  The  Truth  To  good  It is  !,http://japanparcel.com/ylot/v806542319,"￥300,000",No_buy_now_price .,08/27/2021 14:36,09/ 2/2021 14:36
No_lot_name.,http://japanparcel.com/ylot/j100098698,No_current_price.,No_buy_now_price .,No_start_time.,No_end_time.
гѓ­ Click г‚їгѓ«гЂЂ frequency  conversion  tube гЂЂGEгЂЂ Seven B8,http://japanparcel.com/ylot/517233407,￥580,No_buy_now_price .,08/27/2021 14:36,09/ 3/2021 14:36
No_lot_name.,http://japanparcel.com/ylot/100061671,No_current_price.,No_buy_now_price .,No_start_time.,No_end_time.
No_lot_name.,http://japanparcel.com/ylot/x100100897,No_current_price.,No_buy_now_price .,No_start_time.,No_end_time.
Aurex  Интегрированный усилитель  SB-320  продаю как нерабочий,http://japanparcel.com/ylot/o492645153,"￥5,000","￥5,000",08/16/2021 22:04,08/17/2021 22:04
[  mini  plug  Branch  ] в€¬ Postage 120 Circle  ~ в€¬ Yes  Brand new   audio  double  connector   Earphone 2 Distribution   two  Man  so  Listen    That   headphone 2 Branch   stereo  mini  plug  Branch,http://japanparcel.com/ylot/n489889099,￥200,￥200,08/27/2021 14:37,08/30/2021 14:37
T  V  -  Seven  for гЂЂ P  X  -  Four  /  P  X  Two  Five  Such as  B  Four  /  B  Five  Measurement  adapter,http://japanparcel.com/ylot/v788342915,"￥1,680",No_buy_now_price .,08/27/2021 14:37,09/ 3/2021 14:37
?  Beauty products  ! DENON  Denon  PMA-S10 ?   Integrated amplifier  ?,http://japanparcel.com/ylot/d538729571,"￥64,800",No_buy_now_price .,08/27/2021 14:37,08/29/2021 14:37
No_lot_name.,http://japanparcel.com/ylot/b514306133,No_current_price.,No_buy_now_price .,No_start_time.,No_end_time.
?  ?  ?  usa  CAL-RгЂЂ Army  standard гЂЂ High accuracy  Nothing  Induction е°Ћ Winding wire  resistance  96.5K ?  В± 0.5%гЂЂ 0.25WгЂЂ NOS 2 Individual  ?  ?  ?,http://japanparcel.com/ylot/l699329770,￥700,No_buy_now_price .,08/27/2021 14:37,08/29/2021 14:37
No_lot_name.,http://japanparcel.com/ylot/b423831010,No_current_price.,No_buy_now_price .,No_start_time.,No_end_time.
гѓ­ Click г‚їгѓ« tube гЂЂ Seven  C  Five  /  Five  B  /  Two  Five  Five  M  ?  Six  V  Six  /  Six  L  Six гЂЂ conversion  adapter,http://japanparcel.com/ylot/b551187678,"￥1,740",No_buy_now_price .,08/27/2021 14:37,09/ 3/2021 14:37
No_lot_name.,http://japanparcel.com/ylot/c100101675,No_current_price.,No_buy_now_price .,No_start_time.,No_end_time.
No_lot_name.,http://japanparcel.com/ylot/o377588252,No_current_price.,No_buy_now_price .,No_start_time.,No_end_time.
Laksman  507ux2 LUXMAN L-507uXII  Integrated amplifier   Use  for зџ­,http://japanparcel.com/ylot/m498197427,"￥389,000",No_buy_now_price .,08/27/2021 14:38,08/28/2021 14:38
Trance  formula гЂЂгЂЂ Five  Class  Supermarket  radio  for  Vacuum tube  set,http://japanparcel.com/ylot/q448236706,"￥1,880",No_buy_now_price .,08/27/2021 14:38,09/ 3/2021 14:38
No_lot_name.,http://japanparcel.com/ylot/p100146982,No_current_price.,No_buy_now_price .,No_start_time.,No_end_time.
"U  S  base  tube  (  Six  B  Four  G  ,  Six  J  Five  ,  Six  G  A  Four  ,  R  One  Two  0  )  ?  B  Four  /  B  Five  base  tube  (  P  X  Four  ,  P  X  Two  Five  /  Four  One  M  X  P  )  conversion  adapter",http://japanparcel.com/ylot/n382652705,"￥1,480",No_buy_now_price .,08/27/2021 14:38,09/ 3/2021 14:38
очень дёшево   LUXMAN   гѓ©гѓіг‚ё звезда гѓ—гѓЄ основной   SQ301     210316 - 4   исправный товар  [ 3   месяц  гарантия   ],http://japanparcel.com/ylot/x769789237,"￥50,000","￥50,000",08/21/2021 00:28,08/28/2021 00:28
Five  Six  Seven  0  /  Three  Nine  Six A /  Two C51 ?  Six SN7 /  Five  Six  Nine  Two гЂЂ conversion  adapter,http://japanparcel.com/ylot/p778373358,"￥1,580",No_buy_now_price .,08/27/2021 14:28,09/ 3/2021 14:28
Three  Pole  Power  tube гЂЂ Three  0  0  B  ?  Six  B  Four  G гЂЂ conversion  adapter,http://japanparcel.com/ylot/m486947504,"￥1,640",No_buy_now_price .,08/27/2021 14:28,09/ 3/2021 14:28
No_lot_name.,http://japanparcel.com/ylot/j100092565,No_current_price.,No_buy_now_price .,No_start_time.,No_end_time.
No_lot_name.,http://japanparcel.com/ylot/100120346,No_current_price.,No_buy_now_price .,No_start_time.,No_end_time.
5 ball  Supermarket  radio  for гЂЂ Six ZDH3A,http://japanparcel.com/ylot/x795241677,￥940,No_buy_now_price .,08/27/2021 14:29,09/ 2/2021 14:29
No_lot_name.,http://japanparcel.com/ylot/f100132682,No_current_price.,No_buy_now_price .,No_start_time.,No_end_time.
No_lot_name.,http://japanparcel.com/ylot/x767032806,No_current_price.,No_buy_now_price .,No_start_time.,No_end_time.
[  блиц-цена  ]   установленная производителем цена 26 0000 йен   рабочий товар  2 канал  усилитель  PS-A1202 JOSS [   высокий  сопротивление   ]  Victor    Victor PSA1202,http://japanparcel.com/ylot/o482382414,"￥8,480","￥8,480",08/13/2021 19:09,08/14/2021 19:09
?  security  With  -  Work well  ? Accuphase CX-260 еёЊ Small 6ch Preamplifier,http://japanparcel.com/ylot/e528649354,"￥257,800","￥280,000",08/27/2021 14:29,08/29/2021 14:29
test  Machine TV-7 for гЂЂUV Small  tube  (  One  0  Four D Such as  )  Measurement  adapter,http://japanparcel.com/ylot/t745600031,"￥1,580",No_buy_now_price .,08/27/2021 14:29,09/ 3/2021 14:29
Nothing  oxygen  copper  of  impact  -  High-quality RCA plug гЂЂHRCA-21,http://japanparcel.com/ylot/m510759088,"￥14,000","￥14,000",08/27/2021 14:29,09/ 3/2021 14:29
No_lot_name.,http://japanparcel.com/ylot/u325731021,No_current_price.,No_buy_now_price .,No_start_time.,No_end_time.
No_lot_name.,http://japanparcel.com/ylot/j100124259,No_current_price.,No_buy_now_price .,No_start_time.,No_end_time.
No_lot_name.,http://japanparcel.com/ylot/m100042353,No_current_price.,No_buy_now_price .,No_start_time.,No_end_time.
No_lot_name.,http://japanparcel.com/ylot/b100169730,No_current_price.,No_buy_now_price .,No_start_time.,No_end_time.
MCINTOSH  McIntosh  C22  replica   Owner  's  manual   English  table  Record,http://japanparcel.com/ylot/d388336824,"￥20,000","￥20,000",08/27/2021 14:30,09/ 3/2021 14:30
No_lot_name.,http://japanparcel.com/ylot/q316508328,No_current_price.,No_buy_now_price .,No_start_time.,No_end_time.
0H068гЂЂгЂЂ banana  Correspondence  small  Type  Speaker    Terminal гЂЂгЂЂ 80112гЂЂгЂЂгЂЂ6 Individual  (  Red 4 black 2 )  set,http://japanparcel.com/ylot/r457756650,￥900,￥900,08/27/2021 14:30,09/ 3/2021 14:30
"SPRAGUE ""96P"" 1uF/300V  Vintage   oil  paper  Capacitor   ? 2 Individual  ''VITAMIN Q''",http://japanparcel.com/ylot/m485529884,"￥3,000","￥3,000",08/27/2021 14:30,09/ 3/2021 14:30
No_lot_name.,http://japanparcel.com/ylot/w491687025,No_current_price.,No_buy_now_price .,No_start_time.,No_end_time.
No_lot_name.,http://japanparcel.com/ylot/r100121125,No_current_price.,No_buy_now_price .,No_start_time.,No_end_time.
T  V  -  Seven  for  Mug гѓЋ  гѓђгѓ« tube  (  Four  0  K  G  Six  Such as  )  Measurement  for  adapter,http://japanparcel.com/ylot/k487421033,"￥1,540",No_buy_now_price .,08/27/2021 14:30,09/ 3/2021 14:30
1G171гЂЂгЂЂRCA Jack гЂЂ brass  To  Gold plate гЂЂ0581TCгЂЂ Red  band / White  band гЂЂ20 Individual  set,http://japanparcel.com/ylot/s838894000,"￥3,400","￥3,400",08/27/2021 14:30,09/ 3/2021 14:30
Victor VOSS PS-A2002 2ch  усилитель   рабочий товар   2C129,http://japanparcel.com/ylot/c910773333,"￥8,000","￥10,000",08/16/2021 00:21,08/18/2021 00:21
No_lot_name.,http://japanparcel.com/ylot/h100120940,No_current_price.,No_buy_now_price .,No_start_time.,No_end_time.
No_lot_name.,http://japanparcel.com/ylot/p100176162,No_current_price.,No_buy_now_price .,No_start_time.,No_end_time.
?   Scarcity !  Prompt decision !  Denon  DENON AV Remote controller  RC-1181  Operation goods  ? ( AVR-X1000  for ) ?,http://japanparcel.com/ylot/b409232479,"￥3,000","￥3,000",08/27/2021 14:31,09/ 3/2021 14:31
Six  A  Q  Five  ?  Six  V  Six гЂЂ conversion  adapter,http://japanparcel.com/ylot/e524245709,"￥1,530",No_buy_now_price .,08/27/2021 14:31,09/ 3/2021 14:31
No_lot_name.,http://japanparcel.com/ylot/n472432152,No_current_price.,No_buy_now_price .,No_start_time.,No_end_time.
No_lot_name.,http://japanparcel.com/ylot/d100157681,No_current_price.,No_buy_now_price .,No_start_time.,No_end_time.
NEC  Transistor  2SC2681 R97A NOS  Unused item   Japan  Electrical   Integrated amplifier  NEC A-7 A-700 SONY TA-F40 TA-F55 TA-F80 TA-AX  series  Such as ?,http://japanparcel.com/ylot/n505284658,"￥1,000","￥1,000",08/27/2021 14:31,09/ 3/2021 14:31
NEC  Transistor  2SC2681 Q07 NOS  Unused item   Japan  Electrical   Integrated amplifier  NEC A-7 A-700 SONY TA-F40 TA-F55 TA-F80 TA-AX  series  Such as ?,http://japanparcel.com/ylot/j700791921,"￥1,000","￥1,000",08/27/2021 14:31,09/ 3/2021 14:31
"[  бесплатная доставка по Японии / включая налоги  ]  Shuguang EL34B EL34-B (EL34 , EL34A)  четвёрка   комплект из 4 штук  Vacuume Tube  красный  символ",http://japanparcel.com/ylot/u458095703,"￥6,710","￥6,710",08/13/2021 23:59,08/15/2021 23:59
No_lot_name.,http://japanparcel.com/ylot/w491758348,No_current_price.,No_buy_now_price .,No_start_time.,No_end_time.
No_lot_name.,http://japanparcel.com/ylot/r100180532,No_current_price.,No_buy_now_price .,No_start_time.,No_end_time.
[ A ] SONY  For business  Pro  Machine  of  Unplug ж®»  self made  Amplifier  case  To   Vacuum tube   Preamplifier   equalizer    Amplifier   Transistor     Power IC е·ҐдЅњ  Chassis,http://japanparcel.com/ylot/r222091545,"￥3,000","￥3,000",08/27/2021 14:32,08/31/2021 14:32
No_lot_name.,http://japanparcel.com/ylot/h521538761,No_current_price.,No_buy_now_price .,No_start_time.,No_end_time.
[ B ] SONY  For business  Pro  Machine  of  Unplug ж®»  self made  Amplifier  case  To   Vacuum tube   Preamplifier   equalizer    Amplifier   Transistor     Power IC е·ҐдЅњ  Chassis,http://japanparcel.com/ylot/n243983675,"￥3,000","￥3,000",08/27/2021 14:32,08/31/2021 14:32
No_lot_name.,http://japanparcel.com/ylot/m100140995,No_current_price.,No_buy_now_price .,No_start_time.,No_end_time.
No_lot_name.,http://japanparcel.com/ylot/l707511076,No_current_price.,No_buy_now_price .,No_start_time.,No_end_time.
?  Click  Les гѓ« гѓ—гѓЄ -  Power Amplifier  ?  catalog  KAS/KSA-300S/KSA-200S/KSA-100S KRC/KRC-2/KSL-2гЂЂ Sansui 907 Sony Corporation R10 Marantz M7г‚Ё Click  Scan  crew г‚·,http://japanparcel.com/ylot/d506364911,"￥5,900","￥6,000",08/27/2021 14:32,08/30/2021 14:32
A&P ?  ?  Mitsubishi  : DA-A10 :  sound  But  good  : USED,http://japanparcel.com/ylot/r507606531,"￥75,000",No_buy_now_price .,08/27/2021 14:32,09/ 2/2021 14:32
No_lot_name.,http://japanparcel.com/ylot/g494118502,No_current_price.,No_buy_now_price .,No_start_time.,No_end_time.
в€¬ Free shipping в€¬ audio  double  connector в€¬ Brand new   stereo  mini  plug 2 Branch   Earphone 2 Distribution   two  Man  so  Listen    That,http://japanparcel.com/ylot/o412156437,￥319,￥319,08/27/2021 14:33,08/30/2021 14:33
No_lot_name.,http://japanparcel.com/ylot/n481070207,No_current_price.,No_buy_now_price .,No_start_time.,No_end_time.
No_lot_name.,http://japanparcel.com/ylot/f421809861,No_current_price.,No_buy_now_price .,No_start_time.,No_end_time.
"[ Free  Yes ] NAS  "" Wyred 4 Sound MS-2+ linear  Power supply  """,http://japanparcel.com/ylot/u408325776,"￥210,000","￥230,000",08/27/2021 14:33,08/30/2021 14:33
No_lot_name.,http://japanparcel.com/ylot/t100124426,No_current_price.,No_buy_now_price .,No_start_time.,No_end_time.
?   Low voltage  Driving  small  Type  stereo  Amplifier  kit  TDA2822  Use  for,http://japanparcel.com/ylot/b538471633,￥600,￥600,08/27/2021 14:33,08/28/2021 14:33
?  ?  ? ICRAE  Day  ~Tsu гѓ—  Silva     Mai  Mosquitoes  Capacitor  1600PF В± 5% 500VDC  Brand new 2 Individual  ?  ?  ?,http://japanparcel.com/ylot/w450131746,￥220,No_buy_now_price .,08/27/2021 14:33,08/29/2021 14:33
No_lot_name.,http://japanparcel.com/ylot/n525275947,No_current_price.,No_buy_now_price .,No_start_time.,No_end_time.
No_lot_name.,http://japanparcel.com/ylot/w100064542,No_current_price.,No_buy_now_price .,No_start_time.,No_end_time.
usa гЂЂSylvania Made by гЂЂ driver иЏ…гЂЂ Seven  Six гЂЂ Remodeling  Vacuum tube,http://japanparcel.com/ylot/q468221499,￥750,No_buy_now_price .,08/27/2021 14:34,09/ 3/2021 14:34
? 10mm ?  aluminum  volume  Knob   2 pieces [6mmгѓ­   Les  ~Tsu  To  axis  for ],http://japanparcel.com/ylot/k569130802,￥146,￥146,08/27/2021 14:34,09/ 1/2021 14:34
No_lot_name.,http://japanparcel.com/ylot/u100073834,No_current_price.,No_buy_now_price .,No_start_time.,No_end_time.
?  ?  ?  Army  standard гЂЂWE specification  HI-Q  G A Number  21.5K ?   В± 1% 0.25W(ж°‘ Living  standard 0.5W)  ceramic  resistance  NOS  Two  ?  ?  ?,http://japanparcel.com/ylot/s644252890,￥700,No_buy_now_price .,08/27/2021 14:34,08/29/2021 14:34
No_lot_name.,http://japanparcel.com/ylot/g526008946,No_current_price.,No_buy_now_price .,No_start_time.,No_end_time.
No_lot_name.,http://japanparcel.com/ylot/l695026946,No_current_price.,No_buy_now_price .,No_start_time.,No_end_time.
Rectification  tube  conversion  adapter гЂЂ Six AX5 ? EZ12,http://japanparcel.com/ylot/l612662988,"￥1,340",No_buy_now_price .,08/27/2021 14:34,09/ 3/2021 14:34
No_lot_name.,http://japanparcel.com/ylot/j100103553,No_current_price.,No_buy_now_price .,No_start_time.,No_end_time.
No_lot_name.,http://japanparcel.com/ylot/o100129450,No_current_price.,No_buy_now_price .,No_start_time.,No_end_time.
No_lot_name.,http://japanparcel.com/ylot/x100123088,No_current_price.,No_buy_now_price .,No_start_time.,No_end_time.
No_lot_name.,http://japanparcel.com/ylot/x100120463,No_current_price.,No_buy_now_price .,No_start_time.,No_end_time.
No_lot_name.,http://japanparcel.com/ylot/s840012780,No_current_price.,No_buy_now_price .,No_start_time.,No_end_time.
No_lot_name.,http://japanparcel.com/ylot/c100060196,No_current_price.,No_buy_now_price .,No_start_time.,No_end_time.
?  Beauty products  ! DENON  Denon  AVR-X550BT AV Amplifier  AV Receiver    ?,http://japanparcel.com/ylot/q474531451,"￥15,800",No_buy_now_price .,08/27/2021 14:35,08/29/2021 14:35
редкий товар  LUXMAN  рейка   гѓћгѓі  вакуумная труба  стерео  усилитель  25-25 60 custom  CUSTOM MQ60 NN3676,http://japanparcel.com/ylot/w478231114,"￥50,000",￥0,08/25/2021 00:35,08/26/2021 00:35
гѓ­ Click г‚їгѓ« tube гЂЂ Seven  F  Seven  /  Seven  N  Seven  ?  Six  S  L  Seven  /  Six  S  N  Seven гЂЂ conversion  adapter,http://japanparcel.com/ylot/h549752046,"￥1,640",No_buy_now_price .,08/27/2021 14:35,09/ 3/2021 14:35
No_lot_name.,http://japanparcel.com/ylot/s100002164,No_current_price.,No_buy_now_price .,No_start_time.,No_end_time.
No_lot_name.,http://japanparcel.com/ylot/q100135812,No_current_price.,No_buy_now_price .,No_start_time.,No_end_time.
No_lot_name.,http://japanparcel.com/ylot/b100178561,No_current_price.,No_buy_now_price .,No_start_time.,No_end_time.
No_lot_name.,http://japanparcel.com/ylot/v818264861,No_current_price.,No_buy_now_price .,No_start_time.,No_end_time.
"?  Original box  ,  Remote controller  With  ! Marantz  Marantz  SC-7S1  control  Amplifier   Preamplifier   Beauty products  !  ?",http://japanparcel.com/ylot/v821589774,"￥205,000",No_buy_now_price .,08/27/2021 14:35,08/29/2021 14:35
No_lot_name.,http://japanparcel.com/ylot/k100160938,No_current_price.,No_buy_now_price .,No_start_time.,No_end_time.
Three  Five  0 B/KT88/6550/6550A ?  Three  Six  Seven AгЂЂ conversion  adapter,http://japanparcel.com/ylot/s810543039,"￥1,580",No_buy_now_price .,08/27/2021 14:35,09/ 3/2021 14:35
No_lot_name.,http://japanparcel.com/ylot/s100073485,No_current_price.,No_buy_now_price .,No_start_time.,No_end_time.
No_lot_name.,http://japanparcel.com/ylot/j100127126,No_current_price.,No_buy_now_price .,No_start_time.,No_end_time.
"HPAT2 ] HPA T-2 ""  # stereo  Headphone amplifier  :  stereo  Presence  "" =T2= [  #STEREO HEADPHONES AMP : 2Volume/ 6.3 ?  ST Jack ]  #LAGOONSOUND",http://japanparcel.com/ylot/h484309484,"￥5,000","￥5,000",08/27/2021 14:36,08/31/2021 14:36
"magic  Eye  for  (  Six  E  Five  C  ,  One  Six  Two  Nine  )  socket  adapter",http://japanparcel.com/ylot/d512794374,"￥1,580",No_buy_now_price .,08/27/2021 14:36,09/ 3/2021 14:36
Audio CollectionsгЂЂ audio  -  collection  's гЂЂAC-82PP-IT-PWгЂЂ Vacuum tube  Preamplifier гЂЂ Maintenance  Already  Body  of  Pole  Beauty products  ! гЂЂ This  The  Truth  To  good  It is  !,http://japanparcel.com/ylot/v806542319,"￥300,000",No_buy_now_price .,08/27/2021 14:36,09/ 2/2021 14:36
No_lot_name.,http://japanparcel.com/ylot/j100098698,No_current_price.,No_buy_now_price .,No_start_time.,No_end_time.
гѓ­ Click г‚їгѓ«гЂЂ frequency  conversion  tube гЂЂGEгЂЂ Seven B8,http://japanparcel.com/ylot/517233407,￥580,No_buy_now_price .,08/27/2021 14:36,09/ 3/2021 14:36
No_lot_name.,http://japanparcel.com/ylot/100061671,No_current_price.,No_buy_now_price .,No_start_time.,No_end_time.
No_lot_name.,http://japanparcel.com/ylot/x100100897,No_current_price.,No_buy_now_price .,No_start_time.,No_end_time.
Aurex  Интегрированный усилитель  SB-320  продаю как нерабочий,http://japanparcel.com/ylot/o492645153,"￥5,000","￥5,000",08/16/2021 22:04,08/17/2021 22:04
[  mini  plug  Branch  ] в€¬ Postage 120 Circle  ~ в€¬ Yes  Brand new   audio  double  connector   Earphone 2 Distribution   two  Man  so  Listen    That   headphone 2 Branch   stereo  mini  plug  Branch,http://japanparcel.com/ylot/n489889099,￥200,￥200,08/27/2021 14:37,08/30/2021 14:37
T  V  -  Seven  for гЂЂ P  X  -  Four  /  P  X  Two  Five  Such as  B  Four  /  B  Five  Measurement  adapter,http://japanparcel.com/ylot/v788342915,"￥1,680",No_buy_now_price .,08/27/2021 14:37,09/ 3/2021 14:37
?  Beauty products  ! DENON  Denon  PMA-S10 ?   Integrated amplifier  ?,http://japanparcel.com/ylot/d538729571,"￥64,800",No_buy_now_price .,08/27/2021 14:37,08/29/2021 14:37
No_lot_name.,http://japanparcel.com/ylot/b514306133,No_current_price.,No_buy_now_price .,No_start_time.,No_end_time.
?  ?  ?  usa  CAL-RгЂЂ Army  standard гЂЂ High accuracy  Nothing  Induction е°Ћ Winding wire  resistance  96.5K ?  В± 0.5%гЂЂ 0.25WгЂЂ NOS 2 Individual  ?  ?  ?,http://japanparcel.com/ylot/l699329770,￥700,No_buy_now_price .,08/27/2021 14:37,08/29/2021 14:37
No_lot_name.,http://japanparcel.com/ylot/b423831010,No_current_price.,No_buy_now_price .,No_start_time.,No_end_time.
гѓ­ Click г‚їгѓ« tube гЂЂ Seven  C  Five  /  Five  B  /  Two  Five  Five  M  ?  Six  V  Six  /  Six  L  Six гЂЂ conversion  adapter,http://japanparcel.com/ylot/b551187678,"￥1,740",No_buy_now_price .,08/27/2021 14:37,09/ 3/2021 14:37
No_lot_name.,http://japanparcel.com/ylot/c100101675,No_current_price.,No_buy_now_price .,No_start_time.,No_end_time.
No_lot_name.,http://japanparcel.com/ylot/o377588252,No_current_price.,No_buy_now_price .,No_start_time.,No_end_time.
Laksman  507ux2 LUXMAN L-507uXII  Integrated amplifier   Use  for зџ­,http://japanparcel.com/ylot/m498197427,"￥389,000",No_buy_now_price .,08/27/2021 14:38,08/28/2021 14:38
Trance  formula гЂЂгЂЂ Five  Class  Supermarket  radio  for  Vacuum tube  set,http://japanparcel.com/ylot/q448236706,"￥1,880",No_buy_now_price .,08/27/2021 14:38,09/ 3/2021 14:38
No_lot_name.,http://japanparcel.com/ylot/p100146982,No_current_price.,No_buy_now_price .,No_start_time.,No_end_time.
"U  S  base  tube  (  Six  B  Four  G  ,  Six  J  Five  ,  Six  G  A  Four  ,  R  One  Two  0  )  ?  B  Four  /  B  Five  base  tube  (  P  X  Four  ,  P  X  Two  Five  /  Four  One  M  X  P  )  conversion  adapter",http://japanparcel.com/ylot/n382652705,"￥1,480",No_buy_now_price .,08/27/2021 14:38,09/ 3/2021 14:38
Louis ?  Amplifier  Guitar amplifier  15W,http://japanparcel.com/ylot/l703972471,"￥3,900","￥3,900",08/27/2021 14:38,09/ 3/2021 14:38
