Категория,Подкатегория,Ссылки на изображения,Название,Артикул (id товара),Описание,Световой поток,Мощность,Цветовая температура,Двойной угол половинной яркости,Тип кривой силы света,Тип рассеивателя,Коэф. пульсации,Индекс цветопередачи,Производитель светодиодов,Напряжение питания,Коэффициент мощности,Тип питания,Частота напряжения,Класс защиты,Температура эксплуатации,Степень защиты от пыли и влаги,Климатическое исполнение,Рекомендуемая высота установки,Срок службы светильника,Срок службы светодиодов,Гарантийный срок,Габаритные размеры,Масса,Тип крепления,Материал корпуса,Материал рассеивателя,Наличие гальванической развязки,РРЦ (рекомендуемая цена),МРЦ (минимальная розничная цена),наша цена (партнерская)
Промышленные,Профи Нео,"https://promled.com/image/cache/catalog/PI/profi_neo/PI-promled-profi_neo-90-%23-%23-%23-%23-m-%23-120gr-1-1920x680.jpg
 https://promled.com/image/cache/catalog/PI/profi_neo/PI-promled-profi_neo-90-%23-%23-%23-%23-m-%23-120gr-2-1920x680.jpg
 https://promled.com/image/cache/catalog/PI/profi_neo/PI-promled-profi_neo-90-%23-%23-%23-%23-m-%23-120gr-3-1920x680.jpg
 https://promled.com/image/cache/catalog/PI/profi_neo/PI-promled-profi_neo-90-%23-%23-%23-%23-m-%23-120gr-4-1920x680.jpg
 https://promled.com/image/cache/catalog/PI/profi_neo/PI-promled-profi_neo-90-%23-%23-%23-%23-m-%23-120gr-5-1920x680.jpg",Профи Нео 90 M 3000К 120°,PL-1802.0000.0090-30.120120,"Серия подвесных светодиодных светильников для освещения:
• промышленных цехов и других производственных площадок,
• складских помещений,
• спортивных объектов,
• прочих площадей с высотой подвеса до 50 метров.
Светильники «Профи Нео» имеют высокую световую эффективность (максимальное значение 184 лм/Вт) и выполнены в литом корпусе. Его конструкция предполагает опциональную установку защитного закалённого стекла. Наличие стекла позволит использовать «Профи Нео» в зонах разных классов пожароопасности, а также упростит обслуживание светильников.

Светодиодный модуль
Светодиодный модуль содержит значительное количество диодов, равномерно распределённых по большой площади. За счёт этого снижается габаритная яркость и обеспечивается комфортное неслепящее освещение.
Кроме того, светодиоды работают при низких токах (50% от номинальных и ниже) – это повышает эффективность светильника и увеличивает срок его службы.

Корпус
Компактный литой корпус из алюминиевого сплава выполняет функцию радиатора и эффективно отводит тепло от диодов, обеспечивая долгий срок их службы.
Форма корпуса создаёт необходимый защитный угол, поэтому не требуется установка дополнительного отражателя.
Кроме того, светильники имеют малые габаритную высоту и вес, что упрощает монтаж и уменьшает затраты на транспортировку.

Источник питания
Источник питания наружного исполнения, его металлический корпус залит теплопроводящим компаундом. За счёт этого снижается нагрев светодиодного модуля и самого источника питания, поэтому светильник служит дольше.
Также источник питания защищён от микросекундных импульсов высокой энергии до 4 кВ. Это позволит сохранить работоспособность светильника даже при появлении в сети помех от другого оборудования.

Линза и стекло
Линза изготовлена из УФ-стабилизированного поликарбоната, устойчивого к механическим воздействиям. Поэтому снижается риск повредить оптику при монтаже.
Закалённое стекло, которое возможно установить на оптику, защищает ее от абразивного и химического воздействия.",15000,90,3000,120,полуширокая,Информация о типе рассеивателя не указана.,Информация о коэффициенте             пульсации не указана.,70,Bridgelux,90-305,"0,96",AC,50,I,от -60 до +50,IP67,УХЛ1,3-50,12,100 000,5,Ø240×199,"2,5",подвесной,"Сплав алюминия, литой под давлением",Информация о материале рассеивателя             не указана.,Информация о наличии гальванической             развязки не указана.,12 000 р.,9 600 р.,5 990 р.
Промышленные,Профи Нео,"https://promled.com/image/cache/catalog/PI/profi_neo/PI-promled-profi_neo-90-%23-%23-%23-%23-m-%23-20gr-1-1920x680.jpg
 https://promled.com/image/cache/catalog/PI/profi_neo/PI-promled-profi_neo-90-%23-%23-%23-%23-m-%23-20gr-2-1920x680.jpg
 https://promled.com/image/cache/catalog/PI/profi_neo/PI-promled-profi_neo-90-%23-%23-%23-%23-m-%23-20gr-3-1920x680.jpg
 https://promled.com/image/cache/catalog/PI/profi_neo/PI-promled-profi_neo-90-%23-%23-%23-%23-m-%23-20gr-4-1920x680.jpg
 https://promled.com/image/cache/catalog/PI/profi_neo/PI-promled-profi_neo-90-%23-%23-%23-%23-m-%23-20gr-5-1920x680.jpg",Профи Нео 90 M 3000К 20°,PL-1802.0000.0090-50.020020,"Серия подвесных светодиодных светильников для освещения:
• промышленных цехов и других производственных площадок,
• складских помещений,
• спортивных объектов,
• прочих площадей с высотой подвеса до 50 метров.
Светильники «Профи Нео» имеют высокую световую эффективность (максимальное значение 184 лм/Вт) и выполнены в литом корпусе. Его конструкция предполагает опциональную установку защитного закалённого стекла. Наличие стекла позволит использовать «Профи Нео» в зонах разных классов пожароопасности, а также упростит обслуживание светильников.

Светодиодный модуль
Светодиодный модуль содержит значительное количество диодов, равномерно распределённых по большой площади. За счёт этого снижается габаритная яркость и обеспечивается комфортное неслепящее освещение.
Кроме того, светодиоды работают при низких токах (50% от номинальных и ниже) – это повышает эффективность светильника и увеличивает срок его службы.

Корпус
Компактный литой корпус из алюминиевого сплава выполняет функцию радиатора и эффективно отводит тепло от диодов, обеспечивая долгий срок их службы.
Форма корпуса создаёт необходимый защитный угол, поэтому не требуется установка дополнительного отражателя.
Кроме того, светильники имеют малые габаритную высоту и вес, что упрощает монтаж и уменьшает затраты на транспортировку.

Источник питания
Источник питания наружного исполнения, его металлический корпус залит теплопроводящим компаундом. За счёт этого снижается нагрев светодиодного модуля и самого источника питания, поэтому светильник служит дольше.
Также источник питания защищён от микросекундных импульсов высокой энергии до 4 кВ. Это позволит сохранить работоспособность светильника даже при появлении в сети помех от другого оборудования.

Линза и стекло
Линза изготовлена из УФ-стабилизированного поликарбоната, устойчивого к механическим воздействиям. Поэтому снижается риск повредить оптику при монтаже.
Закалённое стекло, которое возможно установить на оптику, защищает ее от абразивного и химического воздействия.",12300,90,5000,20,концентрированная,Информация о типе рассеивателя не указана.,Информация о коэффициенте             пульсации не указана.,70,Bridgelux,90-305,"0,98",AC,50,I,от -60 до +50,IP67,УХЛ1,5-30,12,100 000,5,Ø240×199,"2,5",подвесной,литой под давлением алюминий,Информация о материале рассеивателя             не указана.,Информация о наличии гальванической             развязки не указана.,13 300 р.,10 600 р.,6 610 р.
Промышленные,Профи Нео,"https://promled.com/image/cache/catalog/PI/profi_neo/PI-promled-profi_neo-90-%23-%23-%23-%23-m-%23-35gr-1-1920x680.jpg
 https://promled.com/image/cache/catalog/PI/profi_neo/PI-promled-profi_neo-90-%23-%23-%23-%23-m-%23-35gr-2-1920x680.jpg
 https://promled.com/image/cache/catalog/PI/profi_neo/PI-promled-profi_neo-90-%23-%23-%23-%23-m-%23-35gr-3-1920x680.jpg
 https://promled.com/image/cache/catalog/PI/profi_neo/PI-promled-profi_neo-90-%23-%23-%23-%23-m-%23-35gr-4-1920x680.jpg
 https://promled.com/image/cache/catalog/PI/profi_neo/PI-promled-profi_neo-90-%23-%23-%23-%23-m-%23-35gr-5-1920x680.jpg",Профи Нео 90 M 3000К 35°,PL-1802.0000.0090-30.035035,"Серия подвесных светодиодных светильников для освещения:
• промышленных цехов и других производственных площадок,
• складских помещений,
• спортивных объектов,
• прочих площадей с высотой подвеса до 50 метров.
Светильники «Профи Нео» имеют высокую световую эффективность (максимальное значение 184 лм/Вт) и выполнены в литом корпусе. Его конструкция предполагает опциональную установку защитного закалённого стекла. Наличие стекла позволит использовать «Профи Нео» в зонах разных классов пожароопасности, а также упростит обслуживание светильников.

Светодиодный модуль
Светодиодный модуль содержит значительное количество диодов, равномерно распределённых по большой площади. За счёт этого снижается габаритная яркость и обеспечивается комфортное неслепящее освещение.
Кроме того, светодиоды работают при низких токах (50% от номинальных и ниже) – это повышает эффективность светильника и увеличивает срок его службы.

Корпус
Компактный литой корпус из алюминиевого сплава выполняет функцию радиатора и эффективно отводит тепло от диодов, обеспечивая долгий срок их службы.
Форма корпуса создаёт необходимый защитный угол, поэтому не требуется установка дополнительного отражателя.
Кроме того, светильники имеют малые габаритную высоту и вес, что упрощает монтаж и уменьшает затраты на транспортировку.

Источник питания
Источник питания наружного исполнения, его металлический корпус залит теплопроводящим компаундом. За счёт этого снижается нагрев светодиодного модуля и самого источника питания, поэтому светильник служит дольше.
Также источник питания защищён от микросекундных импульсов высокой энергии до 4 кВ. Это позволит сохранить работоспособность светильника даже при появлении в сети помех от другого оборудования.

Линза и стекло
Линза изготовлена из УФ-стабилизированного поликарбоната, устойчивого к механическим воздействиям. Поэтому снижается риск повредить оптику при монтаже.
Закалённое стекло, которое возможно установить на оптику, защищает ее от абразивного и химического воздействия.",12650,90,3000,35,концентрированная,Информация о типе рассеивателя не указана.,Информация о коэффициенте             пульсации не указана.,70,Bridgelux,90-305,"0,98",AC,50,I,от -60 до +50,IP67,УХЛ1,5-30,12,100 000,5,Ø240×199,3,подвесной,литой под давлением алюминий,Информация о материале рассеивателя             не указана.,Информация о наличии гальванической             развязки не указана.,11 900 р.,9 500 р.,5 930 р.
Промышленные,Профи Нео,"https://promled.com/image/cache/catalog/PI/profi_neo/PI-promled-profi_neo-90-%23-%23-%23-%23-m-%23-60gr-1-1920x680.jpg
 https://promled.com/image/cache/catalog/PI/profi_neo/PI-promled-profi_neo-90-%23-%23-%23-%23-m-%23-60gr-2-1920x680.jpg
 https://promled.com/image/cache/catalog/PI/profi_neo/PI-promled-profi_neo-90-%23-%23-%23-%23-m-%23-60gr-3-1920x680.jpg
 https://promled.com/image/cache/catalog/PI/profi_neo/PI-promled-profi_neo-90-%23-%23-%23-%23-m-%23-60gr-4-1920x680.jpg
 https://promled.com/image/cache/catalog/PI/profi_neo/PI-promled-profi_neo-90-%23-%23-%23-%23-m-%23-60gr-5-1920x680.jpg",Профи Нео 90 M 3000К 60°,PL-1802.0000.0090-30.060060,"Серия подвесных светодиодных светильников для освещения:
• промышленных цехов и других производственных площадок,
• складских помещений,
• спортивных объектов,
• прочих площадей с высотой подвеса до 50 метров.
Светильники «Профи Нео» имеют высокую световую эффективность (максимальное значение 184 лм/Вт) и выполнены в литом корпусе. Его конструкция предполагает опциональную установку защитного закалённого стекла. Наличие стекла позволит использовать «Профи Нео» в зонах разных классов пожароопасности, а также упростит обслуживание светильников.

Светодиодный модуль
Светодиодный модуль содержит значительное количество диодов, равномерно распределённых по большой площади. За счёт этого снижается габаритная яркость и обеспечивается комфортное неслепящее освещение.
Кроме того, светодиоды работают при низких токах (50% от номинальных и ниже) – это повышает эффективность светильника и увеличивает срок его службы.

Корпус
Компактный литой корпус из алюминиевого сплава выполняет функцию радиатора и эффективно отводит тепло от диодов, обеспечивая долгий срок их службы.
Форма корпуса создаёт необходимый защитный угол, поэтому не требуется установка дополнительного отражателя.
Кроме того, светильники имеют малые габаритную высоту и вес, что упрощает монтаж и уменьшает затраты на транспортировку.

Источник питания
Источник питания наружного исполнения, его металлический корпус залит теплопроводящим компаундом. За счёт этого снижается нагрев светодиодного модуля и самого источника питания, поэтому светильник служит дольше.
Также источник питания защищён от микросекундных импульсов высокой энергии до 4 кВ. Это позволит сохранить работоспособность светильника даже при появлении в сети помех от другого оборудования.

Линза и стекло
Линза изготовлена из УФ-стабилизированного поликарбоната, устойчивого к механическим воздействиям. Поэтому снижается риск повредить оптику при монтаже.
Закалённое стекло, которое возможно установить на оптику, защищает ее от абразивного и химического воздействия.",15000,90,3000,60,глубокая,Информация о типе рассеивателя не указана.,Информация о коэффициенте             пульсации не указана.,70,Bridgelux,90-305,"0,96",AC,50,I,от -60 до +50,IP67,УХЛ1,3-50,12,100 000,5,Ø240×199,"2,5",подвесной,"Сплав алюминия, литой под давлением",Информация о материале рассеивателя             не указана.,Информация о наличии гальванической             развязки не указана.,12 000 р.,9 600 р.,5 990 р.
Промышленные,Профи Нео,"https://promled.com/image/cache/catalog/PI/profi_neo/PI-promled-profi_neo-90-%23-%23-%23-%23-m-%23-90gr-1-1920x680.jpg
 https://promled.com/image/cache/catalog/PI/profi_neo/PI-promled-profi_neo-90-%23-%23-%23-%23-m-%23-90gr-2-1920x680.jpg
 https://promled.com/image/cache/catalog/PI/profi_neo/PI-promled-profi_neo-90-%23-%23-%23-%23-m-%23-90gr-3-1920x680.jpg
 https://promled.com/image/cache/catalog/PI/profi_neo/PI-promled-profi_neo-90-%23-%23-%23-%23-m-%23-90gr-4-1920x680.jpg
 https://promled.com/image/cache/catalog/PI/profi_neo/PI-promled-profi_neo-90-%23-%23-%23-%23-m-%23-90gr-5-1920x680.jpg",Профи Нео 90 M 3000К 90°,PL-1802.0000.0090-30.090090,"Серия подвесных светодиодных светильников для освещения:
• промышленных цехов и других производственных площадок,
• складских помещений,
• спортивных объектов,
• прочих площадей с высотой подвеса до 50 метров.
Светильники «Профи Нео» имеют высокую световую эффективность (максимальное значение 184 лм/Вт) и выполнены в литом корпусе. Его конструкция предполагает опциональную установку защитного закалённого стекла. Наличие стекла позволит использовать «Профи Нео» в зонах разных классов пожароопасности, а также упростит обслуживание светильников.

Светодиодный модуль
Светодиодный модуль содержит значительное количество диодов, равномерно распределённых по большой площади. За счёт этого снижается габаритная яркость и обеспечивается комфортное неслепящее освещение.
Кроме того, светодиоды работают при низких токах (50% от номинальных и ниже) – это повышает эффективность светильника и увеличивает срок его службы.

Корпус
Компактный литой корпус из алюминиевого сплава выполняет функцию радиатора и эффективно отводит тепло от диодов, обеспечивая долгий срок их службы.
Форма корпуса создаёт необходимый защитный угол, поэтому не требуется установка дополнительного отражателя.
Кроме того, светильники имеют малые габаритную высоту и вес, что упрощает монтаж и уменьшает затраты на транспортировку.

Источник питания
Источник питания наружного исполнения, его металлический корпус залит теплопроводящим компаундом. За счёт этого снижается нагрев светодиодного модуля и самого источника питания, поэтому светильник служит дольше.
Также источник питания защищён от микросекундных импульсов высокой энергии до 4 кВ. Это позволит сохранить работоспособность светильника даже при появлении в сети помех от другого оборудования.

Линза и стекло
Линза изготовлена из УФ-стабилизированного поликарбоната, устойчивого к механическим воздействиям. Поэтому снижается риск повредить оптику при монтаже.
Закалённое стекло, которое возможно установить на оптику, защищает ее от абразивного и химического воздействия.",15000,90,3000,90,косинусная,Информация о типе рассеивателя не указана.,Информация о коэффициенте             пульсации не указана.,70,Bridgelux,90-305,"0,96",AC,50,I,от -60 до +50,IP67,УХЛ1,3-50,12,100 000,5,Ø240×199,"2,5",подвесной,"Сплав алюминия, литой под давлением",Информация о материале рассеивателя             не указана.,Информация о наличии гальванической             развязки не указана.,12 000 р.,9 600 р.,5 990 р.
Промышленные,Профи Нео,"https://promled.com/image/cache/catalog/PI/profi_neo/PI-promled-profi_neo-90-%23-%23-%23-%23-m-%23-120gr-1-1920x680.jpg
 https://promled.com/image/cache/catalog/PI/profi_neo/PI-promled-profi_neo-90-%23-%23-%23-%23-m-%23-120gr-2-1920x680.jpg
 https://promled.com/image/cache/catalog/PI/profi_neo/PI-promled-profi_neo-90-%23-%23-%23-%23-m-%23-120gr-3-1920x680.jpg
 https://promled.com/image/cache/catalog/PI/profi_neo/PI-promled-profi_neo-90-%23-%23-%23-%23-m-%23-120gr-4-1920x680.jpg
 https://promled.com/image/cache/catalog/PI/profi_neo/PI-promled-profi_neo-90-%23-%23-%23-%23-m-%23-120gr-5-1920x680.jpg",Профи Нео 90 M 4000К 120°,PL-1802.0000.0090-40.120120,"Серия подвесных светодиодных светильников для освещения:
• промышленных цехов и других производственных площадок,
• складских помещений,
• спортивных объектов,
• прочих площадей с высотой подвеса до 50 метров.
Светильники «Профи Нео» имеют высокую световую эффективность (максимальное значение 184 лм/Вт) и выполнены в литом корпусе. Его конструкция предполагает опциональную установку защитного закалённого стекла. Наличие стекла позволит использовать «Профи Нео» в зонах разных классов пожароопасности, а также упростит обслуживание светильников.

Светодиодный модуль
Светодиодный модуль содержит значительное количество диодов, равномерно распределённых по большой площади. За счёт этого снижается габаритная яркость и обеспечивается комфортное неслепящее освещение.
Кроме того, светодиоды работают при низких токах (50% от номинальных и ниже) – это повышает эффективность светильника и увеличивает срок его службы.

Корпус
Компактный литой корпус из алюминиевого сплава выполняет функцию радиатора и эффективно отводит тепло от диодов, обеспечивая долгий срок их службы.
Форма корпуса создаёт необходимый защитный угол, поэтому не требуется установка дополнительного отражателя.
Кроме того, светильники имеют малые габаритную высоту и вес, что упрощает монтаж и уменьшает затраты на транспортировку.

Источник питания
Источник питания наружного исполнения, его металлический корпус залит теплопроводящим компаундом. За счёт этого снижается нагрев светодиодного модуля и самого источника питания, поэтому светильник служит дольше.
Также источник питания защищён от микросекундных импульсов высокой энергии до 4 кВ. Это позволит сохранить работоспособность светильника даже при появлении в сети помех от другого оборудования.

Линза и стекло
Линза изготовлена из УФ-стабилизированного поликарбоната, устойчивого к механическим воздействиям. Поэтому снижается риск повредить оптику при монтаже.
Закалённое стекло, которое возможно установить на оптику, защищает ее от абразивного и химического воздействия.",16300,90,4000,120,полуширокая,Информация о типе рассеивателя не указана.,Информация о коэффициенте             пульсации не указана.,70,Bridgelux,90-305,"0,96",AC,50,I,от -60 до +50,IP67,УХЛ1,3-50,12,100 000,5,Ø240×199,"2,5",подвесной,"Сплав алюминия, литой под давлением",Информация о материале рассеивателя             не указана.,Информация о наличии гальванической             развязки не указана.,12 000 р.,9 600 р.,5 990 р.
Промышленные,Профи Нео,"https://promled.com/image/cache/catalog/PI/profi_neo/PI-promled-profi_neo-90-%23-%23-%23-%23-m-%23-20gr-1-1920x680.jpg
 https://promled.com/image/cache/catalog/PI/profi_neo/PI-promled-profi_neo-90-%23-%23-%23-%23-m-%23-20gr-2-1920x680.jpg
 https://promled.com/image/cache/catalog/PI/profi_neo/PI-promled-profi_neo-90-%23-%23-%23-%23-m-%23-20gr-3-1920x680.jpg
 https://promled.com/image/cache/catalog/PI/profi_neo/PI-promled-profi_neo-90-%23-%23-%23-%23-m-%23-20gr-4-1920x680.jpg
 https://promled.com/image/cache/catalog/PI/profi_neo/PI-promled-profi_neo-90-%23-%23-%23-%23-m-%23-20gr-5-1920x680.jpg",Профи Нео 90 M 4000К 20°,PL-1802.0000.0090-50.020020,"Серия подвесных светодиодных светильников для освещения:
• промышленных цехов и других производственных площадок,
• складских помещений,
• спортивных объектов,
• прочих площадей с высотой подвеса до 50 метров.
Светильники «Профи Нео» имеют высокую световую эффективность (максимальное значение 184 лм/Вт) и выполнены в литом корпусе. Его конструкция предполагает опциональную установку защитного закалённого стекла. Наличие стекла позволит использовать «Профи Нео» в зонах разных классов пожароопасности, а также упростит обслуживание светильников.

Светодиодный модуль
Светодиодный модуль содержит значительное количество диодов, равномерно распределённых по большой площади. За счёт этого снижается габаритная яркость и обеспечивается комфортное неслепящее освещение.
Кроме того, светодиоды работают при низких токах (50% от номинальных и ниже) – это повышает эффективность светильника и увеличивает срок его службы.

Корпус
Компактный литой корпус из алюминиевого сплава выполняет функцию радиатора и эффективно отводит тепло от диодов, обеспечивая долгий срок их службы.
Форма корпуса создаёт необходимый защитный угол, поэтому не требуется установка дополнительного отражателя.
Кроме того, светильники имеют малые габаритную высоту и вес, что упрощает монтаж и уменьшает затраты на транспортировку.

Источник питания
Источник питания наружного исполнения, его металлический корпус залит теплопроводящим компаундом. За счёт этого снижается нагрев светодиодного модуля и самого источника питания, поэтому светильник служит дольше.
Также источник питания защищён от микросекундных импульсов высокой энергии до 4 кВ. Это позволит сохранить работоспособность светильника даже при появлении в сети помех от другого оборудования.

Линза и стекло
Линза изготовлена из УФ-стабилизированного поликарбоната, устойчивого к механическим воздействиям. Поэтому снижается риск повредить оптику при монтаже.
Закалённое стекло, которое возможно установить на оптику, защищает ее от абразивного и химического воздействия.",12300,90,5000,20,концентрированная,Информация о типе рассеивателя не указана.,Информация о коэффициенте             пульсации не указана.,70,Bridgelux,90-305,"0,98",AC,50,I,от -60 до +50,IP67,УХЛ1,5-30,12,100 000,5,Ø240×199,"2,5",подвесной,литой под давлением алюминий,Информация о материале рассеивателя             не указана.,Информация о наличии гальванической             развязки не указана.,13 300 р.,10 600 р.,6 610 р.
Промышленные,Профи Нео,"https://promled.com/image/cache/catalog/PI/profi_neo/PI-promled-profi_neo-90-%23-%23-%23-%23-m-%23-35gr-1-1920x680.jpg
 https://promled.com/image/cache/catalog/PI/profi_neo/PI-promled-profi_neo-90-%23-%23-%23-%23-m-%23-35gr-2-1920x680.jpg
 https://promled.com/image/cache/catalog/PI/profi_neo/PI-promled-profi_neo-90-%23-%23-%23-%23-m-%23-35gr-3-1920x680.jpg
 https://promled.com/image/cache/catalog/PI/profi_neo/PI-promled-profi_neo-90-%23-%23-%23-%23-m-%23-35gr-4-1920x680.jpg
 https://promled.com/image/cache/catalog/PI/profi_neo/PI-promled-profi_neo-90-%23-%23-%23-%23-m-%23-35gr-5-1920x680.jpg",Профи Нео 90 M 4000К 35°,PL-1802.0000.0090-40.035035,"Серия подвесных светодиодных светильников для освещения:
• промышленных цехов и других производственных площадок,
• складских помещений,
• спортивных объектов,
• прочих площадей с высотой подвеса до 50 метров.
Светильники «Профи Нео» имеют высокую световую эффективность (максимальное значение 184 лм/Вт) и выполнены в литом корпусе. Его конструкция предполагает опциональную установку защитного закалённого стекла. Наличие стекла позволит использовать «Профи Нео» в зонах разных классов пожароопасности, а также упростит обслуживание светильников.

Светодиодный модуль
Светодиодный модуль содержит значительное количество диодов, равномерно распределённых по большой площади. За счёт этого снижается габаритная яркость и обеспечивается комфортное неслепящее освещение.
Кроме того, светодиоды работают при низких токах (50% от номинальных и ниже) – это повышает эффективность светильника и увеличивает срок его службы.

Корпус
Компактный литой корпус из алюминиевого сплава выполняет функцию радиатора и эффективно отводит тепло от диодов, обеспечивая долгий срок их службы.
Форма корпуса создаёт необходимый защитный угол, поэтому не требуется установка дополнительного отражателя.
Кроме того, светильники имеют малые габаритную высоту и вес, что упрощает монтаж и уменьшает затраты на транспортировку.

Источник питания
Источник питания наружного исполнения, его металлический корпус залит теплопроводящим компаундом. За счёт этого снижается нагрев светодиодного модуля и самого источника питания, поэтому светильник служит дольше.
Также источник питания защищён от микросекундных импульсов высокой энергии до 4 кВ. Это позволит сохранить работоспособность светильника даже при появлении в сети помех от другого оборудования.

Линза и стекло
Линза изготовлена из УФ-стабилизированного поликарбоната, устойчивого к механическим воздействиям. Поэтому снижается риск повредить оптику при монтаже.
Закалённое стекло, которое возможно установить на оптику, защищает ее от абразивного и химического воздействия.",13600,90,4000,35,концентрированная,Информация о типе рассеивателя не указана.,Информация о коэффициенте             пульсации не указана.,70,Bridgelux,90-305,"0,98",AC,50,I,от -60 до +50,IP67,УХЛ1,5-30,12,100 000,5,Ø240×199,3,подвесной,литой под давлением алюминий,Информация о материале рассеивателя             не указана.,Информация о наличии гальванической             развязки не указана.,11 900 р.,9 500 р.,5 930 р.
Промышленные,Профи Нео,"https://promled.com/image/cache/catalog/PI/profi_neo/PI-promled-profi_neo-90-%23-%23-%23-%23-m-%23-60gr-1-1920x680.jpg
 https://promled.com/image/cache/catalog/PI/profi_neo/PI-promled-profi_neo-90-%23-%23-%23-%23-m-%23-60gr-2-1920x680.jpg
 https://promled.com/image/cache/catalog/PI/profi_neo/PI-promled-profi_neo-90-%23-%23-%23-%23-m-%23-60gr-3-1920x680.jpg
 https://promled.com/image/cache/catalog/PI/profi_neo/PI-promled-profi_neo-90-%23-%23-%23-%23-m-%23-60gr-4-1920x680.jpg
 https://promled.com/image/cache/catalog/PI/profi_neo/PI-promled-profi_neo-90-%23-%23-%23-%23-m-%23-60gr-5-1920x680.jpg",Профи Нео 90 M 4000К 60°,PL-1802.0000.0090-40.060060,"Серия подвесных светодиодных светильников для освещения:
• промышленных цехов и других производственных площадок,
• складских помещений,
• спортивных объектов,
• прочих площадей с высотой подвеса до 50 метров.
Светильники «Профи Нео» имеют высокую световую эффективность (максимальное значение 184 лм/Вт) и выполнены в литом корпусе. Его конструкция предполагает опциональную установку защитного закалённого стекла. Наличие стекла позволит использовать «Профи Нео» в зонах разных классов пожароопасности, а также упростит обслуживание светильников.

Светодиодный модуль
Светодиодный модуль содержит значительное количество диодов, равномерно распределённых по большой площади. За счёт этого снижается габаритная яркость и обеспечивается комфортное неслепящее освещение.
Кроме того, светодиоды работают при низких токах (50% от номинальных и ниже) – это повышает эффективность светильника и увеличивает срок его службы.

Корпус
Компактный литой корпус из алюминиевого сплава выполняет функцию радиатора и эффективно отводит тепло от диодов, обеспечивая долгий срок их службы.
Форма корпуса создаёт необходимый защитный угол, поэтому не требуется установка дополнительного отражателя.
Кроме того, светильники имеют малые габаритную высоту и вес, что упрощает монтаж и уменьшает затраты на транспортировку.

Источник питания
Источник питания наружного исполнения, его металлический корпус залит теплопроводящим компаундом. За счёт этого снижается нагрев светодиодного модуля и самого источника питания, поэтому светильник служит дольше.
Также источник питания защищён от микросекундных импульсов высокой энергии до 4 кВ. Это позволит сохранить работоспособность светильника даже при появлении в сети помех от другого оборудования.

Линза и стекло
Линза изготовлена из УФ-стабилизированного поликарбоната, устойчивого к механическим воздействиям. Поэтому снижается риск повредить оптику при монтаже.
Закалённое стекло, которое возможно установить на оптику, защищает ее от абразивного и химического воздействия.",16300,90,4000,60,глубокая,Информация о типе рассеивателя не указана.,Информация о коэффициенте             пульсации не указана.,70,Bridgelux,90-305,"0,96",AC,50,I,от -60 до +50,IP67,УХЛ1,3-50,12,100 000,5,Ø240×199,"2,5",подвесной,"Сплав алюминия, литой под давлением",Информация о материале рассеивателя             не указана.,Информация о наличии гальванической             развязки не указана.,12 000 р.,9 600 р.,5 990 р.
Промышленные,Профи Нео,"https://promled.com/image/cache/catalog/PI/profi_neo/PI-promled-profi_neo-90-%23-%23-%23-%23-m-%23-90gr-1-1920x680.jpg
 https://promled.com/image/cache/catalog/PI/profi_neo/PI-promled-profi_neo-90-%23-%23-%23-%23-m-%23-90gr-2-1920x680.jpg
 https://promled.com/image/cache/catalog/PI/profi_neo/PI-promled-profi_neo-90-%23-%23-%23-%23-m-%23-90gr-3-1920x680.jpg
 https://promled.com/image/cache/catalog/PI/profi_neo/PI-promled-profi_neo-90-%23-%23-%23-%23-m-%23-90gr-4-1920x680.jpg
 https://promled.com/image/cache/catalog/PI/profi_neo/PI-promled-profi_neo-90-%23-%23-%23-%23-m-%23-90gr-5-1920x680.jpg",Профи Нео 90 M 4000К 90°,PL-1802.0000.0090-40.090090,"Серия подвесных светодиодных светильников для освещения:
• промышленных цехов и других производственных площадок,
• складских помещений,
• спортивных объектов,
• прочих площадей с высотой подвеса до 50 метров.
Светильники «Профи Нео» имеют высокую световую эффективность (максимальное значение 184 лм/Вт) и выполнены в литом корпусе. Его конструкция предполагает опциональную установку защитного закалённого стекла. Наличие стекла позволит использовать «Профи Нео» в зонах разных классов пожароопасности, а также упростит обслуживание светильников.

Светодиодный модуль
Светодиодный модуль содержит значительное количество диодов, равномерно распределённых по большой площади. За счёт этого снижается габаритная яркость и обеспечивается комфортное неслепящее освещение.
Кроме того, светодиоды работают при низких токах (50% от номинальных и ниже) – это повышает эффективность светильника и увеличивает срок его службы.

Корпус
Компактный литой корпус из алюминиевого сплава выполняет функцию радиатора и эффективно отводит тепло от диодов, обеспечивая долгий срок их службы.
Форма корпуса создаёт необходимый защитный угол, поэтому не требуется установка дополнительного отражателя.
Кроме того, светильники имеют малые габаритную высоту и вес, что упрощает монтаж и уменьшает затраты на транспортировку.

Источник питания
Источник питания наружного исполнения, его металлический корпус залит теплопроводящим компаундом. За счёт этого снижается нагрев светодиодного модуля и самого источника питания, поэтому светильник служит дольше.
Также источник питания защищён от микросекундных импульсов высокой энергии до 4 кВ. Это позволит сохранить работоспособность светильника даже при появлении в сети помех от другого оборудования.

Линза и стекло
Линза изготовлена из УФ-стабилизированного поликарбоната, устойчивого к механическим воздействиям. Поэтому снижается риск повредить оптику при монтаже.
Закалённое стекло, которое возможно установить на оптику, защищает ее от абразивного и химического воздействия.",16300,90,4000,90,косинусная,Информация о типе рассеивателя не указана.,Информация о коэффициенте             пульсации не указана.,70,Bridgelux,90-305,"0,96",AC,50,I,от -60 до +50,IP67,УХЛ1,3-50,12,100 000,5,Ø240×199,"2,5",подвесной,"Сплав алюминия, литой под давлением",Информация о материале рассеивателя             не указана.,Информация о наличии гальванической             развязки не указана.,12 000 р.,9 600 р.,5 990 р.
Промышленные,Профи Нео,"https://promled.com/image/cache/catalog/PI/profi_neo/PI-promled-profi_neo-90-%23-%23-%23-%23-m-%23-120gr-1-1920x680.jpg
 https://promled.com/image/cache/catalog/PI/profi_neo/PI-promled-profi_neo-90-%23-%23-%23-%23-m-%23-120gr-2-1920x680.jpg
 https://promled.com/image/cache/catalog/PI/profi_neo/PI-promled-profi_neo-90-%23-%23-%23-%23-m-%23-120gr-3-1920x680.jpg
 https://promled.com/image/cache/catalog/PI/profi_neo/PI-promled-profi_neo-90-%23-%23-%23-%23-m-%23-120gr-4-1920x680.jpg
 https://promled.com/image/cache/catalog/PI/profi_neo/PI-promled-profi_neo-90-%23-%23-%23-%23-m-%23-120gr-5-1920x680.jpg",Профи Нео 90 M 5000К 120°,PL-1802.0000.0090-50.120120,"Серия подвесных светодиодных светильников для освещения:
• промышленных цехов и других производственных площадок,
• складских помещений,
• спортивных объектов,
• прочих площадей с высотой подвеса до 50 метров.
Светильники «Профи Нео» имеют высокую световую эффективность (максимальное значение 184 лм/Вт) и выполнены в литом корпусе. Его конструкция предполагает опциональную установку защитного закалённого стекла. Наличие стекла позволит использовать «Профи Нео» в зонах разных классов пожароопасности, а также упростит обслуживание светильников.

Светодиодный модуль
Светодиодный модуль содержит значительное количество диодов, равномерно распределённых по большой площади. За счёт этого снижается габаритная яркость и обеспечивается комфортное неслепящее освещение.
Кроме того, светодиоды работают при низких токах (50% от номинальных и ниже) – это повышает эффективность светильника и увеличивает срок его службы.

Корпус
Компактный литой корпус из алюминиевого сплава выполняет функцию радиатора и эффективно отводит тепло от диодов, обеспечивая долгий срок их службы.
Форма корпуса создаёт необходимый защитный угол, поэтому не требуется установка дополнительного отражателя.
Кроме того, светильники имеют малые габаритную высоту и вес, что упрощает монтаж и уменьшает затраты на транспортировку.

Источник питания
Источник питания наружного исполнения, его металлический корпус залит теплопроводящим компаундом. За счёт этого снижается нагрев светодиодного модуля и самого источника питания, поэтому светильник служит дольше.
Также источник питания защищён от микросекундных импульсов высокой энергии до 4 кВ. Это позволит сохранить работоспособность светильника даже при появлении в сети помех от другого оборудования.

Линза и стекло
Линза изготовлена из УФ-стабилизированного поликарбоната, устойчивого к механическим воздействиям. Поэтому снижается риск повредить оптику при монтаже.
Закалённое стекло, которое возможно установить на оптику, защищает ее от абразивного и химического воздействия.",16300,90,5000,120,полуширокая,Информация о типе рассеивателя не указана.,Информация о коэффициенте             пульсации не указана.,70,Bridgelux,90-305,"0,96",AC,50,I,от -60 до +50,IP67,УХЛ1,3-50,12,100 000,5,Ø240×199,"2,5",подвесной,"Сплав алюминия, литой под давлением",Информация о материале рассеивателя             не указана.,Информация о наличии гальванической             развязки не указана.,12 000 р.,9 600 р.,5 990 р.
Промышленные,Профи Нео,"https://promled.com/image/cache/catalog/PI/profi_neo/PI-promled-profi_neo-90-%23-%23-%23-%23-m-%23-20gr-1-1920x680.jpg
 https://promled.com/image/cache/catalog/PI/profi_neo/PI-promled-profi_neo-90-%23-%23-%23-%23-m-%23-20gr-2-1920x680.jpg
 https://promled.com/image/cache/catalog/PI/profi_neo/PI-promled-profi_neo-90-%23-%23-%23-%23-m-%23-20gr-3-1920x680.jpg
 https://promled.com/image/cache/catalog/PI/profi_neo/PI-promled-profi_neo-90-%23-%23-%23-%23-m-%23-20gr-4-1920x680.jpg
 https://promled.com/image/cache/catalog/PI/profi_neo/PI-promled-profi_neo-90-%23-%23-%23-%23-m-%23-20gr-5-1920x680.jpg",Профи Нео 90 M 5000К 20°,PL-1802.0000.0090-50.020020,"Серия подвесных светодиодных светильников для освещения:
• промышленных цехов и других производственных площадок,
• складских помещений,
• спортивных объектов,
• прочих площадей с высотой подвеса до 50 метров.
Светильники «Профи Нео» имеют высокую световую эффективность (максимальное значение 184 лм/Вт) и выполнены в литом корпусе. Его конструкция предполагает опциональную установку защитного закалённого стекла. Наличие стекла позволит использовать «Профи Нео» в зонах разных классов пожароопасности, а также упростит обслуживание светильников.

Светодиодный модуль
Светодиодный модуль содержит значительное количество диодов, равномерно распределённых по большой площади. За счёт этого снижается габаритная яркость и обеспечивается комфортное неслепящее освещение.
Кроме того, светодиоды работают при низких токах (50% от номинальных и ниже) – это повышает эффективность светильника и увеличивает срок его службы.

Корпус
Компактный литой корпус из алюминиевого сплава выполняет функцию радиатора и эффективно отводит тепло от диодов, обеспечивая долгий срок их службы.
Форма корпуса создаёт необходимый защитный угол, поэтому не требуется установка дополнительного отражателя.
Кроме того, светильники имеют малые габаритную высоту и вес, что упрощает монтаж и уменьшает затраты на транспортировку.

Источник питания
Источник питания наружного исполнения, его металлический корпус залит теплопроводящим компаундом. За счёт этого снижается нагрев светодиодного модуля и самого источника питания, поэтому светильник служит дольше.
Также источник питания защищён от микросекундных импульсов высокой энергии до 4 кВ. Это позволит сохранить работоспособность светильника даже при появлении в сети помех от другого оборудования.

Линза и стекло
Линза изготовлена из УФ-стабилизированного поликарбоната, устойчивого к механическим воздействиям. Поэтому снижается риск повредить оптику при монтаже.
Закалённое стекло, которое возможно установить на оптику, защищает ее от абразивного и химического воздействия.",12300,90,5000,20,концентрированная,Информация о типе рассеивателя не указана.,Информация о коэффициенте             пульсации не указана.,70,Bridgelux,90-305,"0,98",AC,50,I,от -60 до +50,IP67,УХЛ1,5-30,12,100 000,5,Ø240×199,"2,5",подвесной,литой под давлением алюминий,Информация о материале рассеивателя             не указана.,Информация о наличии гальванической             развязки не указана.,13 300 р.,10 600 р.,6 610 р.
Промышленные,Профи Нео,"https://promled.com/image/cache/catalog/PI/profi_neo/PI-promled-profi_neo-90-%23-%23-%23-%23-m-%23-35gr-1-1920x680.jpg
 https://promled.com/image/cache/catalog/PI/profi_neo/PI-promled-profi_neo-90-%23-%23-%23-%23-m-%23-35gr-2-1920x680.jpg
 https://promled.com/image/cache/catalog/PI/profi_neo/PI-promled-profi_neo-90-%23-%23-%23-%23-m-%23-35gr-3-1920x680.jpg
 https://promled.com/image/cache/catalog/PI/profi_neo/PI-promled-profi_neo-90-%23-%23-%23-%23-m-%23-35gr-4-1920x680.jpg
 https://promled.com/image/cache/catalog/PI/profi_neo/PI-promled-profi_neo-90-%23-%23-%23-%23-m-%23-35gr-5-1920x680.jpg",Профи Нео 90 M 5000К 35°,PL-1802.0000.0090-50.035035,"Серия подвесных светодиодных светильников для освещения:
• промышленных цехов и других производственных площадок,
• складских помещений,
• спортивных объектов,
• прочих площадей с высотой подвеса до 50 метров.
Светильники «Профи Нео» имеют высокую световую эффективность (максимальное значение 184 лм/Вт) и выполнены в литом корпусе. Его конструкция предполагает опциональную установку защитного закалённого стекла. Наличие стекла позволит использовать «Профи Нео» в зонах разных классов пожароопасности, а также упростит обслуживание светильников.

Светодиодный модуль
Светодиодный модуль содержит значительное количество диодов, равномерно распределённых по большой площади. За счёт этого снижается габаритная яркость и обеспечивается комфортное неслепящее освещение.
Кроме того, светодиоды работают при низких токах (50% от номинальных и ниже) – это повышает эффективность светильника и увеличивает срок его службы.

Корпус
Компактный литой корпус из алюминиевого сплава выполняет функцию радиатора и эффективно отводит тепло от диодов, обеспечивая долгий срок их службы.
Форма корпуса создаёт необходимый защитный угол, поэтому не требуется установка дополнительного отражателя.
Кроме того, светильники имеют малые габаритную высоту и вес, что упрощает монтаж и уменьшает затраты на транспортировку.

Источник питания
Источник питания наружного исполнения, его металлический корпус залит теплопроводящим компаундом. За счёт этого снижается нагрев светодиодного модуля и самого источника питания, поэтому светильник служит дольше.
Также источник питания защищён от микросекундных импульсов высокой энергии до 4 кВ. Это позволит сохранить работоспособность светильника даже при появлении в сети помех от другого оборудования.

Линза и стекло
Линза изготовлена из УФ-стабилизированного поликарбоната, устойчивого к механическим воздействиям. Поэтому снижается риск повредить оптику при монтаже.
Закалённое стекло, которое возможно установить на оптику, защищает ее от абразивного и химического воздействия.",13600,90,5000,35,концентрированная,Информация о типе рассеивателя не указана.,Информация о коэффициенте             пульсации не указана.,70,Bridgelux,90-305,"0,98",AC,50,I,от -60 до +50,IP67,УХЛ1,5-30,12,100 000,5,Ø240×199,"2,5",подвесной,литой под давлением алюминий,Информация о материале рассеивателя             не указана.,Информация о наличии гальванической             развязки не указана.,11 900 р.,9 500 р.,5 930 р.
Промышленные,Профи Нео,"https://promled.com/image/cache/catalog/PI/profi_neo/PI-promled-profi_neo-90-%23-%23-%23-%23-m-%23-60gr-1-1920x680.jpg
 https://promled.com/image/cache/catalog/PI/profi_neo/PI-promled-profi_neo-90-%23-%23-%23-%23-m-%23-60gr-2-1920x680.jpg
 https://promled.com/image/cache/catalog/PI/profi_neo/PI-promled-profi_neo-90-%23-%23-%23-%23-m-%23-60gr-3-1920x680.jpg
 https://promled.com/image/cache/catalog/PI/profi_neo/PI-promled-profi_neo-90-%23-%23-%23-%23-m-%23-60gr-4-1920x680.jpg
 https://promled.com/image/cache/catalog/PI/profi_neo/PI-promled-profi_neo-90-%23-%23-%23-%23-m-%23-60gr-5-1920x680.jpg",Профи Нео 90 M 5000К 60°,PL-1802.0000.0090-50.060060,"Серия подвесных светодиодных светильников для освещения:
• промышленных цехов и других производственных площадок,
• складских помещений,
• спортивных объектов,
• прочих площадей с высотой подвеса до 50 метров.
Светильники «Профи Нео» имеют высокую световую эффективность (максимальное значение 184 лм/Вт) и выполнены в литом корпусе. Его конструкция предполагает опциональную установку защитного закалённого стекла. Наличие стекла позволит использовать «Профи Нео» в зонах разных классов пожароопасности, а также упростит обслуживание светильников.

Светодиодный модуль
Светодиодный модуль содержит значительное количество диодов, равномерно распределённых по большой площади. За счёт этого снижается габаритная яркость и обеспечивается комфортное неслепящее освещение.
Кроме того, светодиоды работают при низких токах (50% от номинальных и ниже) – это повышает эффективность светильника и увеличивает срок его службы.

Корпус
Компактный литой корпус из алюминиевого сплава выполняет функцию радиатора и эффективно отводит тепло от диодов, обеспечивая долгий срок их службы.
Форма корпуса создаёт необходимый защитный угол, поэтому не требуется установка дополнительного отражателя.
Кроме того, светильники имеют малые габаритную высоту и вес, что упрощает монтаж и уменьшает затраты на транспортировку.

Источник питания
Источник питания наружного исполнения, его металлический корпус залит теплопроводящим компаундом. За счёт этого снижается нагрев светодиодного модуля и самого источника питания, поэтому светильник служит дольше.
Также источник питания защищён от микросекундных импульсов высокой энергии до 4 кВ. Это позволит сохранить работоспособность светильника даже при появлении в сети помех от другого оборудования.

Линза и стекло
Линза изготовлена из УФ-стабилизированного поликарбоната, устойчивого к механическим воздействиям. Поэтому снижается риск повредить оптику при монтаже.
Закалённое стекло, которое возможно установить на оптику, защищает ее от абразивного и химического воздействия.",16300,90,5000,60,глубокая,Информация о типе рассеивателя не указана.,Информация о коэффициенте             пульсации не указана.,70,Bridgelux,90-305,"0,96",AC,50,I,от -60 до +50,IP67,УХЛ1,3-50,12,100 000,5,Ø240×199,"2,5",подвесной,"Сплав алюминия, литой под давлением",Информация о материале рассеивателя             не указана.,Информация о наличии гальванической             развязки не указана.,12 000 р.,9 600 р.,5 990 р.
Промышленные,Профи Нео,"https://promled.com/image/cache/catalog/PI/profi_neo/PI-promled-profi_neo-90-%23-%23-%23-%23-m-%23-90gr-1-1920x680.jpg
 https://promled.com/image/cache/catalog/PI/profi_neo/PI-promled-profi_neo-90-%23-%23-%23-%23-m-%23-90gr-2-1920x680.jpg
 https://promled.com/image/cache/catalog/PI/profi_neo/PI-promled-profi_neo-90-%23-%23-%23-%23-m-%23-90gr-3-1920x680.jpg
 https://promled.com/image/cache/catalog/PI/profi_neo/PI-promled-profi_neo-90-%23-%23-%23-%23-m-%23-90gr-4-1920x680.jpg
 https://promled.com/image/cache/catalog/PI/profi_neo/PI-promled-profi_neo-90-%23-%23-%23-%23-m-%23-90gr-5-1920x680.jpg",Профи Нео 90 M 5000К 90°,PL-1802.0000.0090-50.090090,"Серия подвесных светодиодных светильников для освещения:
• промышленных цехов и других производственных площадок,
• складских помещений,
• спортивных объектов,
• прочих площадей с высотой подвеса до 50 метров.
Светильники «Профи Нео» имеют высокую световую эффективность (максимальное значение 184 лм/Вт) и выполнены в литом корпусе. Его конструкция предполагает опциональную установку защитного закалённого стекла. Наличие стекла позволит использовать «Профи Нео» в зонах разных классов пожароопасности, а также упростит обслуживание светильников.

Светодиодный модуль
Светодиодный модуль содержит значительное количество диодов, равномерно распределённых по большой площади. За счёт этого снижается габаритная яркость и обеспечивается комфортное неслепящее освещение.
Кроме того, светодиоды работают при низких токах (50% от номинальных и ниже) – это повышает эффективность светильника и увеличивает срок его службы.

Корпус
Компактный литой корпус из алюминиевого сплава выполняет функцию радиатора и эффективно отводит тепло от диодов, обеспечивая долгий срок их службы.
Форма корпуса создаёт необходимый защитный угол, поэтому не требуется установка дополнительного отражателя.
Кроме того, светильники имеют малые габаритную высоту и вес, что упрощает монтаж и уменьшает затраты на транспортировку.

Источник питания
Источник питания наружного исполнения, его металлический корпус залит теплопроводящим компаундом. За счёт этого снижается нагрев светодиодного модуля и самого источника питания, поэтому светильник служит дольше.
Также источник питания защищён от микросекундных импульсов высокой энергии до 4 кВ. Это позволит сохранить работоспособность светильника даже при появлении в сети помех от другого оборудования.

Линза и стекло
Линза изготовлена из УФ-стабилизированного поликарбоната, устойчивого к механическим воздействиям. Поэтому снижается риск повредить оптику при монтаже.
Закалённое стекло, которое возможно установить на оптику, защищает ее от абразивного и химического воздействия.",16300,90,5000,90,косинусная,Информация о типе рассеивателя не указана.,Информация о коэффициенте             пульсации не указана.,70,Bridgelux,90-305,"0,96",AC,50,I,от -60 до +50,IP67,УХЛ1,3-50,12,100 000,5,Ø240×199,"2,5",подвесной,"Сплав алюминия, литой под давлением",Информация о материале рассеивателя             не указана.,Информация о наличии гальванической             развязки не указана.,12 000 р.,9 600 р.,5 990 р.
Промышленные,Профи Нео,"https://promled.com/image/cache/catalog/PI/profi_neo/PI-promled-profi_neo-90-%23-%23-eko-%23-m-%23-120gr-1-1920x680.jpg
 https://promled.com/image/cache/catalog/PI/profi_neo/PI-promled-profi_neo-90-%23-%23-eko-%23-m-%23-120gr-2-1920x680.jpg
 https://promled.com/image/cache/catalog/PI/profi_neo/PI-promled-profi_neo-90-%23-%23-eko-%23-m-%23-120gr-3-1920x680.jpg
 https://promled.com/image/cache/catalog/PI/profi_neo/PI-promled-profi_neo-90-%23-%23-eko-%23-m-%23-120gr-4-1920x680.jpg
 https://promled.com/image/cache/catalog/PI/profi_neo/PI-promled-profi_neo-90-%23-%23-eko-%23-m-%23-120gr-5-1920x680.jpg",Профи Нео 90 M Эко 3000К 120°,PL-1822.0000.0090-30.120120,"Серия подвесных светодиодных светильников для освещения:
• промышленных цехов и других производственных площадок,
• складских помещений,
• спортивных объектов,
• прочих площадей с высотой подвеса до 50 метров.
Светильники «Профи Нео» имеют высокую световую эффективность (максимальное значение 184 лм/Вт) и выполнены в литом корпусе. Его конструкция предполагает опциональную установку защитного закалённого стекла. Наличие стекла позволит использовать «Профи Нео» в зонах разных классов пожароопасности, а также упростит обслуживание светильников.

Светодиодный модуль
Светодиодный модуль содержит значительное количество диодов, равномерно распределённых по большой площади. За счёт этого снижается габаритная яркость и обеспечивается комфортное неслепящее освещение.
Кроме того, светодиоды работают при низких токах (50% от номинальных и ниже) – это повышает эффективность светильника и увеличивает срок его службы.

Корпус
Компактный литой корпус из алюминиевого сплава выполняет функцию радиатора и эффективно отводит тепло от диодов, обеспечивая долгий срок их службы.
Форма корпуса создаёт необходимый защитный угол, поэтому не требуется установка дополнительного отражателя.
Кроме того, светильники имеют малые габаритную высоту и вес, что упрощает монтаж и уменьшает затраты на транспортировку.

Источник питания
Источник питания наружного исполнения, его металлический корпус залит теплопроводящим компаундом. За счёт этого снижается нагрев светодиодного модуля и самого источника питания, поэтому светильник служит дольше.
Также источник питания защищён от микросекундных импульсов высокой энергии до 4 кВ. Это позволит сохранить работоспособность светильника даже при появлении в сети помех от другого оборудования.

Линза и стекло
Линза изготовлена из УФ-стабилизированного поликарбоната, устойчивого к механическим воздействиям. Поэтому снижается риск повредить оптику при монтаже.
Закалённое стекло, которое возможно установить на оптику, защищает ее от абразивного и химического воздействия.",13620,90,3000,120,полуширокая,Информация о типе рассеивателя не указана.,Информация о коэффициенте             пульсации не указана.,70,Epistar,90-305,"0,96",AC,50,I,от -60 до +50,IP67,УХЛ1,3-50,12,100 000,3,Ø240×199,"2,5",подвесной,"Сплав алюминия, литой под давлением",Информация о материале рассеивателя             не указана.,Информация о наличии гальванической             развязки не указана.,11 300 р.,9 550 р.,5 630 р.
Промышленные,Профи Нео,"https://promled.com/image/cache/catalog/PI/profi_neo/PI-promled-profi_neo-90-%23-%23-eko-%23-m-%23-60gr-1-1920x680.jpg
 https://promled.com/image/cache/catalog/PI/profi_neo/PI-promled-profi_neo-90-%23-%23-eko-%23-m-%23-60gr-2-1920x680.jpg
 https://promled.com/image/cache/catalog/PI/profi_neo/PI-promled-profi_neo-90-%23-%23-eko-%23-m-%23-60gr-3-1920x680.jpg
 https://promled.com/image/cache/catalog/PI/profi_neo/PI-promled-profi_neo-90-%23-%23-eko-%23-m-%23-60gr-4-1920x680.jpg
 https://promled.com/image/cache/catalog/PI/profi_neo/PI-promled-profi_neo-90-%23-%23-eko-%23-m-%23-60gr-5-1920x680.jpg",Профи Нео 90 M Эко 3000К 60°,PL-1822.0000.0090-30.060060,"Серия подвесных светодиодных светильников для освещения:
• промышленных цехов и других производственных площадок,
• складских помещений,
• спортивных объектов,
• прочих площадей с высотой подвеса до 50 метров.
Светильники «Профи Нео» имеют высокую световую эффективность (максимальное значение 184 лм/Вт) и выполнены в литом корпусе. Его конструкция предполагает опциональную установку защитного закалённого стекла. Наличие стекла позволит использовать «Профи Нео» в зонах разных классов пожароопасности, а также упростит обслуживание светильников.

Светодиодный модуль
Светодиодный модуль содержит значительное количество диодов, равномерно распределённых по большой площади. За счёт этого снижается габаритная яркость и обеспечивается комфортное неслепящее освещение.
Кроме того, светодиоды работают при низких токах (50% от номинальных и ниже) – это повышает эффективность светильника и увеличивает срок его службы.

Корпус
Компактный литой корпус из алюминиевого сплава выполняет функцию радиатора и эффективно отводит тепло от диодов, обеспечивая долгий срок их службы.
Форма корпуса создаёт необходимый защитный угол, поэтому не требуется установка дополнительного отражателя.
Кроме того, светильники имеют малые габаритную высоту и вес, что упрощает монтаж и уменьшает затраты на транспортировку.

Источник питания
Источник питания наружного исполнения, его металлический корпус залит теплопроводящим компаундом. За счёт этого снижается нагрев светодиодного модуля и самого источника питания, поэтому светильник служит дольше.
Также источник питания защищён от микросекундных импульсов высокой энергии до 4 кВ. Это позволит сохранить работоспособность светильника даже при появлении в сети помех от другого оборудования.

Линза и стекло
Линза изготовлена из УФ-стабилизированного поликарбоната, устойчивого к механическим воздействиям. Поэтому снижается риск повредить оптику при монтаже.
Закалённое стекло, которое возможно установить на оптику, защищает ее от абразивного и химического воздействия.",13620,90,3000,60,глубокая,Информация о типе рассеивателя не указана.,Информация о коэффициенте             пульсации не указана.,70,Epistar,90-305,"0,96",AC,50,I,от -60 до +50,IP67,УХЛ1,3-50,12,100 000,3,Ø240×199,"2,5",подвесной,"Сплав алюминия, литой под давлением",Информация о материале рассеивателя             не указана.,Информация о наличии гальванической             развязки не указана.,11 300 р.,9 550 р.,5 630 р.
Промышленные,Профи Нео,"https://promled.com/image/cache/catalog/PI/profi_neo/PI-promled-profi_neo-90-%23-%23-eko-%23-m-%23-90gr-1-1920x680.jpg
 https://promled.com/image/cache/catalog/PI/profi_neo/PI-promled-profi_neo-90-%23-%23-eko-%23-m-%23-90gr-2-1920x680.jpg
 https://promled.com/image/cache/catalog/PI/profi_neo/PI-promled-profi_neo-90-%23-%23-eko-%23-m-%23-90gr-3-1920x680.jpg
 https://promled.com/image/cache/catalog/PI/profi_neo/PI-promled-profi_neo-90-%23-%23-eko-%23-m-%23-90gr-4-1920x680.jpg
 https://promled.com/image/cache/catalog/PI/profi_neo/PI-promled-profi_neo-90-%23-%23-eko-%23-m-%23-90gr-5-1920x680.jpg",Профи Нео 90 M Эко 3000К 90°,PL-1822.0000.0090-30.090090,"Серия подвесных светодиодных светильников для освещения:
• промышленных цехов и других производственных площадок,
• складских помещений,
• спортивных объектов,
• прочих площадей с высотой подвеса до 50 метров.
Светильники «Профи Нео» имеют высокую световую эффективность (максимальное значение 184 лм/Вт) и выполнены в литом корпусе. Его конструкция предполагает опциональную установку защитного закалённого стекла. Наличие стекла позволит использовать «Профи Нео» в зонах разных классов пожароопасности, а также упростит обслуживание светильников.

Светодиодный модуль
Светодиодный модуль содержит значительное количество диодов, равномерно распределённых по большой площади. За счёт этого снижается габаритная яркость и обеспечивается комфортное неслепящее освещение.
Кроме того, светодиоды работают при низких токах (50% от номинальных и ниже) – это повышает эффективность светильника и увеличивает срок его службы.

Корпус
Компактный литой корпус из алюминиевого сплава выполняет функцию радиатора и эффективно отводит тепло от диодов, обеспечивая долгий срок их службы.
Форма корпуса создаёт необходимый защитный угол, поэтому не требуется установка дополнительного отражателя.
Кроме того, светильники имеют малые габаритную высоту и вес, что упрощает монтаж и уменьшает затраты на транспортировку.

Источник питания
Источник питания наружного исполнения, его металлический корпус залит теплопроводящим компаундом. За счёт этого снижается нагрев светодиодного модуля и самого источника питания, поэтому светильник служит дольше.
Также источник питания защищён от микросекундных импульсов высокой энергии до 4 кВ. Это позволит сохранить работоспособность светильника даже при появлении в сети помех от другого оборудования.

Линза и стекло
Линза изготовлена из УФ-стабилизированного поликарбоната, устойчивого к механическим воздействиям. Поэтому снижается риск повредить оптику при монтаже.
Закалённое стекло, которое возможно установить на оптику, защищает ее от абразивного и химического воздействия.",13620,90,3000,90,косинусная,Информация о типе рассеивателя не указана.,Информация о коэффициенте             пульсации не указана.,70,Epistar,90-305,"0,96",AC,50,I,от -60 до +50,IP67,УХЛ1,3-50,12,100 000,3,Ø240×199,"2,5",подвесной,"Сплав алюминия, литой под давлением",Информация о материале рассеивателя             не указана.,Информация о наличии гальванической             развязки не указана.,11 300 р.,9 550 р.,5 630 р.
Промышленные,Профи Нео,"https://promled.com/image/cache/catalog/PI/profi_neo/PI-promled-profi_neo-90-%23-%23-eko-%23-m-%23-120gr-1-1920x680.jpg
 https://promled.com/image/cache/catalog/PI/profi_neo/PI-promled-profi_neo-90-%23-%23-eko-%23-m-%23-120gr-2-1920x680.jpg
 https://promled.com/image/cache/catalog/PI/profi_neo/PI-promled-profi_neo-90-%23-%23-eko-%23-m-%23-120gr-3-1920x680.jpg
 https://promled.com/image/cache/catalog/PI/profi_neo/PI-promled-profi_neo-90-%23-%23-eko-%23-m-%23-120gr-4-1920x680.jpg
 https://promled.com/image/cache/catalog/PI/profi_neo/PI-promled-profi_neo-90-%23-%23-eko-%23-m-%23-120gr-5-1920x680.jpg",Профи Нео 90 M Эко 4000К 120°,PL-1822.0000.0090-40.120120,"Серия подвесных светодиодных светильников для освещения:
• промышленных цехов и других производственных площадок,
• складских помещений,
• спортивных объектов,
• прочих площадей с высотой подвеса до 50 метров.
Светильники «Профи Нео» имеют высокую световую эффективность (максимальное значение 184 лм/Вт) и выполнены в литом корпусе. Его конструкция предполагает опциональную установку защитного закалённого стекла. Наличие стекла позволит использовать «Профи Нео» в зонах разных классов пожароопасности, а также упростит обслуживание светильников.

Светодиодный модуль
Светодиодный модуль содержит значительное количество диодов, равномерно распределённых по большой площади. За счёт этого снижается габаритная яркость и обеспечивается комфортное неслепящее освещение.
Кроме того, светодиоды работают при низких токах (50% от номинальных и ниже) – это повышает эффективность светильника и увеличивает срок его службы.

Корпус
Компактный литой корпус из алюминиевого сплава выполняет функцию радиатора и эффективно отводит тепло от диодов, обеспечивая долгий срок их службы.
Форма корпуса создаёт необходимый защитный угол, поэтому не требуется установка дополнительного отражателя.
Кроме того, светильники имеют малые габаритную высоту и вес, что упрощает монтаж и уменьшает затраты на транспортировку.

Источник питания
Источник питания наружного исполнения, его металлический корпус залит теплопроводящим компаундом. За счёт этого снижается нагрев светодиодного модуля и самого источника питания, поэтому светильник служит дольше.
Также источник питания защищён от микросекундных импульсов высокой энергии до 4 кВ. Это позволит сохранить работоспособность светильника даже при появлении в сети помех от другого оборудования.

Линза и стекло
Линза изготовлена из УФ-стабилизированного поликарбоната, устойчивого к механическим воздействиям. Поэтому снижается риск повредить оптику при монтаже.
Закалённое стекло, которое возможно установить на оптику, защищает ее от абразивного и химического воздействия.",14800,90,4000,120,полуширокая,Информация о типе рассеивателя не указана.,Информация о коэффициенте             пульсации не указана.,70,Epistar,90-305,"0,96",AC,50,I,от -60 до +50,IP67,УХЛ1,3-50,12,100 000,3,Ø240×199,"2,5",подвесной,"Сплав алюминия, литой под давлением",Информация о материале рассеивателя             не указана.,Информация о наличии гальванической             развязки не указана.,11 300 р.,9 550 р.,5 630 р.
Промышленные,Профи Нео,"https://promled.com/image/cache/catalog/PI/profi_neo/PI-promled-profi_neo-90-%23-%23-eko-%23-m-%23-60gr-1-1920x680.jpg
 https://promled.com/image/cache/catalog/PI/profi_neo/PI-promled-profi_neo-90-%23-%23-eko-%23-m-%23-60gr-2-1920x680.jpg
 https://promled.com/image/cache/catalog/PI/profi_neo/PI-promled-profi_neo-90-%23-%23-eko-%23-m-%23-60gr-3-1920x680.jpg
 https://promled.com/image/cache/catalog/PI/profi_neo/PI-promled-profi_neo-90-%23-%23-eko-%23-m-%23-60gr-4-1920x680.jpg
 https://promled.com/image/cache/catalog/PI/profi_neo/PI-promled-profi_neo-90-%23-%23-eko-%23-m-%23-60gr-5-1920x680.jpg",Профи Нео 90 M Эко 4000К 60°,PL-1822.0000.0090-40.060060,"Серия подвесных светодиодных светильников для освещения:
• промышленных цехов и других производственных площадок,
• складских помещений,
• спортивных объектов,
• прочих площадей с высотой подвеса до 50 метров.
Светильники «Профи Нео» имеют высокую световую эффективность (максимальное значение 184 лм/Вт) и выполнены в литом корпусе. Его конструкция предполагает опциональную установку защитного закалённого стекла. Наличие стекла позволит использовать «Профи Нео» в зонах разных классов пожароопасности, а также упростит обслуживание светильников.

Светодиодный модуль
Светодиодный модуль содержит значительное количество диодов, равномерно распределённых по большой площади. За счёт этого снижается габаритная яркость и обеспечивается комфортное неслепящее освещение.
Кроме того, светодиоды работают при низких токах (50% от номинальных и ниже) – это повышает эффективность светильника и увеличивает срок его службы.

Корпус
Компактный литой корпус из алюминиевого сплава выполняет функцию радиатора и эффективно отводит тепло от диодов, обеспечивая долгий срок их службы.
Форма корпуса создаёт необходимый защитный угол, поэтому не требуется установка дополнительного отражателя.
Кроме того, светильники имеют малые габаритную высоту и вес, что упрощает монтаж и уменьшает затраты на транспортировку.

Источник питания
Источник питания наружного исполнения, его металлический корпус залит теплопроводящим компаундом. За счёт этого снижается нагрев светодиодного модуля и самого источника питания, поэтому светильник служит дольше.
Также источник питания защищён от микросекундных импульсов высокой энергии до 4 кВ. Это позволит сохранить работоспособность светильника даже при появлении в сети помех от другого оборудования.

Линза и стекло
Линза изготовлена из УФ-стабилизированного поликарбоната, устойчивого к механическим воздействиям. Поэтому снижается риск повредить оптику при монтаже.
Закалённое стекло, которое возможно установить на оптику, защищает ее от абразивного и химического воздействия.",14800,90,4000,60,глубокая,Информация о типе рассеивателя не указана.,Информация о коэффициенте             пульсации не указана.,70,Epistar,90-305,"0,96",AC,50,I,от -60 до +50,IP67,УХЛ1,3-50,12,100 000,3,Ø240×199,"2,5",подвесной,"Сплав алюминия, литой под давлением",Информация о материале рассеивателя             не указана.,Информация о наличии гальванической             развязки не указана.,11 300 р.,9 550 р.,5 630 р.
Промышленные,Профи Нео,"https://promled.com/image/cache/catalog/PI/profi_neo/PI-promled-profi_neo-90-%23-%23-eko-%23-m-%23-90gr-1-1920x680.jpg
 https://promled.com/image/cache/catalog/PI/profi_neo/PI-promled-profi_neo-90-%23-%23-eko-%23-m-%23-90gr-2-1920x680.jpg
 https://promled.com/image/cache/catalog/PI/profi_neo/PI-promled-profi_neo-90-%23-%23-eko-%23-m-%23-90gr-3-1920x680.jpg
 https://promled.com/image/cache/catalog/PI/profi_neo/PI-promled-profi_neo-90-%23-%23-eko-%23-m-%23-90gr-4-1920x680.jpg
 https://promled.com/image/cache/catalog/PI/profi_neo/PI-promled-profi_neo-90-%23-%23-eko-%23-m-%23-90gr-5-1920x680.jpg",Профи Нео 90 M Эко 4000К 90°,PL-1822.0000.0090-40.090090,"Серия подвесных светодиодных светильников для освещения:
• промышленных цехов и других производственных площадок,
• складских помещений,
• спортивных объектов,
• прочих площадей с высотой подвеса до 50 метров.
Светильники «Профи Нео» имеют высокую световую эффективность (максимальное значение 184 лм/Вт) и выполнены в литом корпусе. Его конструкция предполагает опциональную установку защитного закалённого стекла. Наличие стекла позволит использовать «Профи Нео» в зонах разных классов пожароопасности, а также упростит обслуживание светильников.

Светодиодный модуль
Светодиодный модуль содержит значительное количество диодов, равномерно распределённых по большой площади. За счёт этого снижается габаритная яркость и обеспечивается комфортное неслепящее освещение.
Кроме того, светодиоды работают при низких токах (50% от номинальных и ниже) – это повышает эффективность светильника и увеличивает срок его службы.

Корпус
Компактный литой корпус из алюминиевого сплава выполняет функцию радиатора и эффективно отводит тепло от диодов, обеспечивая долгий срок их службы.
Форма корпуса создаёт необходимый защитный угол, поэтому не требуется установка дополнительного отражателя.
Кроме того, светильники имеют малые габаритную высоту и вес, что упрощает монтаж и уменьшает затраты на транспортировку.

Источник питания
Источник питания наружного исполнения, его металлический корпус залит теплопроводящим компаундом. За счёт этого снижается нагрев светодиодного модуля и самого источника питания, поэтому светильник служит дольше.
Также источник питания защищён от микросекундных импульсов высокой энергии до 4 кВ. Это позволит сохранить работоспособность светильника даже при появлении в сети помех от другого оборудования.

Линза и стекло
Линза изготовлена из УФ-стабилизированного поликарбоната, устойчивого к механическим воздействиям. Поэтому снижается риск повредить оптику при монтаже.
Закалённое стекло, которое возможно установить на оптику, защищает ее от абразивного и химического воздействия.",14800,90,4000,90,косинусная,Информация о типе рассеивателя не указана.,Информация о коэффициенте             пульсации не указана.,70,Epistar,90-305,"0,96",AC,50,I,от -60 до +50,IP67,УХЛ1,3-50,12,100 000,3,Ø240×199,"2,5",подвесной,"Сплав алюминия, литой под давлением",Информация о материале рассеивателя             не указана.,Информация о наличии гальванической             развязки не указана.,11 300 р.,9 550 р.,5 630 р.
Промышленные,Профи Нео,"https://promled.com/image/cache/catalog/PI/profi_neo/PI-promled-profi_neo-90-%23-%23-eko-%23-m-%23-120gr-1-1920x680.jpg
 https://promled.com/image/cache/catalog/PI/profi_neo/PI-promled-profi_neo-90-%23-%23-eko-%23-m-%23-120gr-2-1920x680.jpg
 https://promled.com/image/cache/catalog/PI/profi_neo/PI-promled-profi_neo-90-%23-%23-eko-%23-m-%23-120gr-3-1920x680.jpg
 https://promled.com/image/cache/catalog/PI/profi_neo/PI-promled-profi_neo-90-%23-%23-eko-%23-m-%23-120gr-4-1920x680.jpg
 https://promled.com/image/cache/catalog/PI/profi_neo/PI-promled-profi_neo-90-%23-%23-eko-%23-m-%23-120gr-5-1920x680.jpg",Профи Нео 90 M Эко 5000К 120°,PL-1822.0000.0090-50.120120,"Серия подвесных светодиодных светильников для освещения:
• промышленных цехов и других производственных площадок,
• складских помещений,
• спортивных объектов,
• прочих площадей с высотой подвеса до 50 метров.
Светильники «Профи Нео» имеют высокую световую эффективность (максимальное значение 184 лм/Вт) и выполнены в литом корпусе. Его конструкция предполагает опциональную установку защитного закалённого стекла. Наличие стекла позволит использовать «Профи Нео» в зонах разных классов пожароопасности, а также упростит обслуживание светильников.

Светодиодный модуль
Светодиодный модуль содержит значительное количество диодов, равномерно распределённых по большой площади. За счёт этого снижается габаритная яркость и обеспечивается комфортное неслепящее освещение.
Кроме того, светодиоды работают при низких токах (50% от номинальных и ниже) – это повышает эффективность светильника и увеличивает срок его службы.

Корпус
Компактный литой корпус из алюминиевого сплава выполняет функцию радиатора и эффективно отводит тепло от диодов, обеспечивая долгий срок их службы.
Форма корпуса создаёт необходимый защитный угол, поэтому не требуется установка дополнительного отражателя.
Кроме того, светильники имеют малые габаритную высоту и вес, что упрощает монтаж и уменьшает затраты на транспортировку.

Источник питания
Источник питания наружного исполнения, его металлический корпус залит теплопроводящим компаундом. За счёт этого снижается нагрев светодиодного модуля и самого источника питания, поэтому светильник служит дольше.
Также источник питания защищён от микросекундных импульсов высокой энергии до 4 кВ. Это позволит сохранить работоспособность светильника даже при появлении в сети помех от другого оборудования.

Линза и стекло
Линза изготовлена из УФ-стабилизированного поликарбоната, устойчивого к механическим воздействиям. Поэтому снижается риск повредить оптику при монтаже.
Закалённое стекло, которое возможно установить на оптику, защищает ее от абразивного и химического воздействия.",14800,90,5000,120,полуширокая,Информация о типе рассеивателя не указана.,Информация о коэффициенте             пульсации не указана.,70,Epistar,90-305,"0,96",AC,50,I,от -60 до +50,IP67,УХЛ1,3-50,12,100 000,3,Ø240×199,"2,5",подвесной,"Сплав алюминия, литой под давлением",Информация о материале рассеивателя             не указана.,Информация о наличии гальванической             развязки не указана.,11 300 р.,9 550 р.,5 630 р.
Промышленные,Профи Нео,"https://promled.com/image/cache/catalog/PI/profi_neo/PI-promled-profi_neo-90-%23-%23-eko-%23-m-%23-60gr-1-1920x680.jpg
 https://promled.com/image/cache/catalog/PI/profi_neo/PI-promled-profi_neo-90-%23-%23-eko-%23-m-%23-60gr-2-1920x680.jpg
 https://promled.com/image/cache/catalog/PI/profi_neo/PI-promled-profi_neo-90-%23-%23-eko-%23-m-%23-60gr-3-1920x680.jpg
 https://promled.com/image/cache/catalog/PI/profi_neo/PI-promled-profi_neo-90-%23-%23-eko-%23-m-%23-60gr-4-1920x680.jpg
 https://promled.com/image/cache/catalog/PI/profi_neo/PI-promled-profi_neo-90-%23-%23-eko-%23-m-%23-60gr-5-1920x680.jpg",Профи Нео 90 M Эко 5000К 60°,PL-1822.0000.0090-50.060060,"Серия подвесных светодиодных светильников для освещения:
• промышленных цехов и других производственных площадок,
• складских помещений,
• спортивных объектов,
• прочих площадей с высотой подвеса до 50 метров.
Светильники «Профи Нео» имеют высокую световую эффективность (максимальное значение 184 лм/Вт) и выполнены в литом корпусе. Его конструкция предполагает опциональную установку защитного закалённого стекла. Наличие стекла позволит использовать «Профи Нео» в зонах разных классов пожароопасности, а также упростит обслуживание светильников.

Светодиодный модуль
Светодиодный модуль содержит значительное количество диодов, равномерно распределённых по большой площади. За счёт этого снижается габаритная яркость и обеспечивается комфортное неслепящее освещение.
Кроме того, светодиоды работают при низких токах (50% от номинальных и ниже) – это повышает эффективность светильника и увеличивает срок его службы.

Корпус
Компактный литой корпус из алюминиевого сплава выполняет функцию радиатора и эффективно отводит тепло от диодов, обеспечивая долгий срок их службы.
Форма корпуса создаёт необходимый защитный угол, поэтому не требуется установка дополнительного отражателя.
Кроме того, светильники имеют малые габаритную высоту и вес, что упрощает монтаж и уменьшает затраты на транспортировку.

Источник питания
Источник питания наружного исполнения, его металлический корпус залит теплопроводящим компаундом. За счёт этого снижается нагрев светодиодного модуля и самого источника питания, поэтому светильник служит дольше.
Также источник питания защищён от микросекундных импульсов высокой энергии до 4 кВ. Это позволит сохранить работоспособность светильника даже при появлении в сети помех от другого оборудования.

Линза и стекло
Линза изготовлена из УФ-стабилизированного поликарбоната, устойчивого к механическим воздействиям. Поэтому снижается риск повредить оптику при монтаже.
Закалённое стекло, которое возможно установить на оптику, защищает ее от абразивного и химического воздействия.",14800,90,5000,60,глубокая,Информация о типе рассеивателя не указана.,Информация о коэффициенте             пульсации не указана.,70,Epistar,90-305,"0,96",AC,50,I,от -60 до +50,IP67,УХЛ1,3-50,12,100 000,3,Ø240×199,"2,5",подвесной,"Сплав алюминия, литой под давлением",Информация о материале рассеивателя             не указана.,Информация о наличии гальванической             развязки не указана.,11 300 р.,9 550 р.,5 630 р.
Промышленные,Профи Нео,"https://promled.com/image/cache/catalog/PI/profi_neo/PI-promled-profi_neo-90-%23-%23-eko-%23-m-%23-90gr-1-1920x680.jpg
 https://promled.com/image/cache/catalog/PI/profi_neo/PI-promled-profi_neo-90-%23-%23-eko-%23-m-%23-90gr-2-1920x680.jpg
 https://promled.com/image/cache/catalog/PI/profi_neo/PI-promled-profi_neo-90-%23-%23-eko-%23-m-%23-90gr-3-1920x680.jpg
 https://promled.com/image/cache/catalog/PI/profi_neo/PI-promled-profi_neo-90-%23-%23-eko-%23-m-%23-90gr-4-1920x680.jpg
 https://promled.com/image/cache/catalog/PI/profi_neo/PI-promled-profi_neo-90-%23-%23-eko-%23-m-%23-90gr-5-1920x680.jpg",Профи Нео 90 M Эко 5000К 90°,PL-1822.0000.0090-50.090090,"Серия подвесных светодиодных светильников для освещения:
• промышленных цехов и других производственных площадок,
• складских помещений,
• спортивных объектов,
• прочих площадей с высотой подвеса до 50 метров.
Светильники «Профи Нео» имеют высокую световую эффективность (максимальное значение 184 лм/Вт) и выполнены в литом корпусе. Его конструкция предполагает опциональную установку защитного закалённого стекла. Наличие стекла позволит использовать «Профи Нео» в зонах разных классов пожароопасности, а также упростит обслуживание светильников.

Светодиодный модуль
Светодиодный модуль содержит значительное количество диодов, равномерно распределённых по большой площади. За счёт этого снижается габаритная яркость и обеспечивается комфортное неслепящее освещение.
Кроме того, светодиоды работают при низких токах (50% от номинальных и ниже) – это повышает эффективность светильника и увеличивает срок его службы.

Корпус
Компактный литой корпус из алюминиевого сплава выполняет функцию радиатора и эффективно отводит тепло от диодов, обеспечивая долгий срок их службы.
Форма корпуса создаёт необходимый защитный угол, поэтому не требуется установка дополнительного отражателя.
Кроме того, светильники имеют малые габаритную высоту и вес, что упрощает монтаж и уменьшает затраты на транспортировку.

Источник питания
Источник питания наружного исполнения, его металлический корпус залит теплопроводящим компаундом. За счёт этого снижается нагрев светодиодного модуля и самого источника питания, поэтому светильник служит дольше.
Также источник питания защищён от микросекундных импульсов высокой энергии до 4 кВ. Это позволит сохранить работоспособность светильника даже при появлении в сети помех от другого оборудования.

Линза и стекло
Линза изготовлена из УФ-стабилизированного поликарбоната, устойчивого к механическим воздействиям. Поэтому снижается риск повредить оптику при монтаже.
Закалённое стекло, которое возможно установить на оптику, защищает ее от абразивного и химического воздействия.",14800,90,5000,90,косинусная,Информация о типе рассеивателя не указана.,Информация о коэффициенте             пульсации не указана.,70,Epistar,90-305,"0,96",AC,50,I,от -60 до +50,IP67,УХЛ1,3-50,12,100 000,3,Ø240×199,"2,5",подвесной,"Сплав алюминия, литой под давлением",Информация о материале рассеивателя             не указана.,Информация о наличии гальванической             развязки не указана.,11 300 р.,9 550 р.,5 630 р.
